Title,Rating,Votes,Duration,Genre
Mufasa: The Lion King,6.6,61000,118,Adventure
Flow,7.9,72000,85,Adventure
Moana 2,6.6,100000,100,Adventure
Kraven the Hunter,5.5,53000,127,Adventure
Sonic the Hedgehog 3,6.9,58000,110,Adventure
Gladiator II,6.5,227000,148,Adventure
Twisters,6.5,166000,122,Adventure
Freaky Tales,7.2,1100,107,Adventure
Deadpool & Wolverine,7.6,489000,128,Adventure
Dune: Part Two,8.5,622000,166,Adventure
Paddington in Peru,6.7,20000,106,Adventure
Venom: The Last Dance,6.0,116000,110,Adventure
Furiosa: A Mad Max Saga,7.5,284000,148,Adventure
Despicable Me 4,6.2,65000,94,Adventure
Borderlands,4.7,48000,101,Adventure
The Count of Monte-Cristo,7.6,34000,178,Adventure
Transformers One,7.6,50000,104,Adventure
The Return,6.2,8200,116,Adventure
The Day the Earth Blew Up: A Looney Tunes Movie,7.0,3800,91,Adventure
Inside Out 2,7.5,215000,96,Adventure
Solo Leveling: ReAwakening,8.7,12000,121,Adventure
The Lord of the Rings: The War of the Rohirrim,6.3,30000,134,Adventure
Love Lies Bleeding,6.6,57000,104,Adventure
Madame Web,4.0,100000,116,Adventure
Bad Boys: Ride or Die,6.5,100000,115,Adventure
Red One,6.3,139000,123,Adventure
Ghostbusters: Frozen Empire,6.1,93000,115,Adventure
Godzilla x Kong: The New Empire,6.0,121000,115,Adventure
Damsel,6.1,109000,110,Adventure
Spaceman,5.7,43000,107,Adventure
Kingdom of the Planet of the Apes,6.9,151000,145,Adventure
Survive,4.6,2400,90,Adventure
Kung Fu Panda 4,6.3,68000,94,Adventure
Uglies,4.7,33000,100,Adventure
Night of the Zoopocalypse,6.0,577000,91,Adventure
The Garfield Movie,5.7,24000,101,Adventure
Attack on Titan the Movie: The Last Attack,9.2,15000,145,Adventure
Harold and the Purple Crayon,5.7,8300,90,Adventure
Spellbound,5.5,7300,109,Adventure
My Penguin Friend,6.7,5000,97,Adventure
Wallace & Gromit: Vengeance Most Fowl,7.5,34000,82,Adventure
Atlas,5.6,56000,118,Adventure
Descendants: The Rise of Red,4.7,7000,91,Adventure
Arthur the King,7.0,34000,107,Adventure
Kalki 2898 AD,7.0,66000,180,Adventure
Thelma the Unicorn,5.7,2900,93,Adventure
Rebel Moon - Part Two: The Scargiver,5.3,59000,122,Adventure
Monster Summer,5.7,3600,97,Adventure
Hitpig,5.1,920000,86,Adventure
The Best Christmas Pageant Ever,6.8,6100,99,Adventure
River of Blood,5.2,1800,86,Adventure
The Unholy Trinity,7.8,50000,93,Adventure
Megamind vs. The Doom Syndicate,2.5,5500,83,Adventure
Family Pack,5.5,9000,94,Adventure
Orion and the Dark,6.3,17000,93,Adventure
No Way Up,4.6,10000,90,Adventure
The Goat Life,7.1,47000,173,Adventure
Winner,6.5,2400,103,Adventure
Justice League: Crisis on Infinite Earths - Part One,6.2,8500,93,Adventure
Sasquatch Sunset,5.4,5400,88,Adventure
Lost on a Mountain in Maine,6.1,1200,98,Adventure
The Empire,5.2,1200,110,Adventure
My Hero Academia: You're Next,7.0,2000,110,Adventure
Hanu Man,7.7,29000,158,Adventure
Justice League: Crisis on Infinite Earths - Part Three,6.1,4500,94,Adventure
The Wages of Fear,4.6,4100,104,Adventure
"I, the Executioner",6.3,1700,118,Adventure
Saint-Exupéry,5.5,294000,98,Adventure
Bookworm,6.0,1800,103,Adventure
Something in the Water,4.1,4600,86,Adventure
A Legend,4.7,899000,129,Adventure
The Courier,6.0,4400,101,Adventure
Eat the Night,6.1,473000,106,Adventure
Badland Hunters,5.9,12000,107,Adventure
Ultraman: Rising,6.9,6300,117,Adventure
Demon Slayer: Kimetsu No Yaiba - To the Hashira Training,7.1,8500,104,Adventure
Saving Bikini Bottom: The Sandy Cheeks Movie,3.7,3900,82,Adventure
Buffalo Kids,6.6,676000,93,Adventure
Woody Woodpecker Goes to Camp,4.5,2600,100,Adventure
Anaconda,4.9,632000,84,Adventure
The Price of Money: A Largo Winch Adventure,5.0,1100,100,Adventure
That Christmas,6.8,17000,91,Adventure
Cult Killer,4.8,2800,105,Adventure
Manjummel Boys,8.2,27000,135,Adventure
Chuck Billy and the Marvelous Guava Tree,7.5,979000,90,Adventure
Devil's Knight,5.2,866000,90,Adventure
Raqa,5.7,191000,107,Adventure
Doraemon the Movie: Nobita's Earth Symphony,6.6,1500,115,Adventure
Angels Fallen: Warriors of Peace,4.9,5800,103,Adventure
Overlord: The Sacred Kingdom,6.9,936000,135,Adventure
Autumn and the Black Jaguar,5.6,996000,100,Adventure
The Tiger's Apprentice,5.7,2200,84,Adventure
Unspeakable: Beyond the Wall of Sleep,6.2,51000,90,Adventure
Justice League: Crisis on Infinite Earths - Part Two,5.5,5300,94,Adventure
Dongeng Sang Kancil,6.7,166000,99,Adventure
Bambi: A Tale of Life in the Woods,5.7,166000,78,Adventure
A Sloth Story,5.6,204000,90,Adventure
The Twisters,2.5,332000,86,Adventure
Sixty Minutes,5.7,5200,88,Adventure
Dragonkeeper,5.7,1700,98,Adventure
Golden Kamuy,6.3,2600,127,Adventure
Operation Blood Hunt,3.4,484000,93,Adventure
Crayon Shin-chan: Ora's Dinosaur Diary,6.4,347000,106,Adventure
Escape,6.4,2000,94,Adventure
No Chains No Masters,6.5,510000,98,Adventure
WWII: Operation Phoenix,6.3,75000,106,Adventure
The Last Redemption,6.5,3400,122,Adventure
The Last of Us: Immunity,5.9,16000,64,Adventure
Man and Witch: The Dance of a Thousand Steps,5.5,328000,94,Adventure
The Firing Squad,5.1,5000,93,Adventure
Rebellious,6.0,192000,94,Adventure
A.R.M,7.1,8700,150,Adventure
Planetquake,3.0,305000,85,Adventure
My Freaky Family,6.3,403000,86,Adventure
Lumina,2.1,667000,113,Adventure
Bionic,4.3,1700,110,Adventure
Kanguva,4.5,15000,152,Adventure
Bade Miyan Chote Miyan,3.8,39000,163,Adventure
Oscar Wilde About America,3.6,25000,98,Adventure
Meanwhile on Earth,6.0,906000,89,Adventure
200% Wolf,5.9,1300,98,Adventure
The Last Ronin,4.8,571000,115,Adventure
Thangalaan,6.6,6600,156,Adventure
Storm Crashers,6.2,560000,88,Adventure
Robin and the Hoods,4.3,511000,100,Adventure
Roadkill,3.7,679000,90,Adventure
This Too Shall Pass,8.8,7000,105,Adventure
The Lost Tiger,7.8,44000,90,Adventure
Gracie and Pedro: Pets to the Rescue,5.1,269000,87,Adventure
Pimpinero: Blood and Oil,5.6,548000,121,Adventure
Noah's Ark,4.3,653000,96,Adventure
Big City Greens the Movie: Spacecation,6.2,539000,83,Adventure
Panda Bear in Africa,5.5,336000,84,Adventure
Spiders on a Plane,5.1,371000,78,Adventure
Return to Wickensburg,5.0,29000,88,Adventure
One Million Babes BC,2.1,80000,75,Adventure
War of the Worlds: Extinction,3.1,204000,84,Adventure
The Magician's Raincoat,5.5,102000,,Adventure
The Keepers of the 5 Kingdoms,4.0,219000,109,Adventure
Never Look Away,7.2,262000,85,Adventure
STEVE (A Minecraft Movie),6.7,11000,61,Adventure
All for One,1.4,654000,97,Adventure
Cells at Work!,6.8,216000,109,Adventure
My Oni Girl,6.0,1700,112,Adventure
Ayalaan,6.0,4000,155,Adventure
Going Viral,6.8,52000,90,Adventure
School of Magical Animals 3,5.8,310000,105,Adventure
Treasure Trackers,5.8,159000,92,Adventure
Diplodocus,6.3,175000,90,Adventure
I Heart Robots,4.6,2400,76,Adventure
Gladiators,6.3,39000,95,Adventure
Now or Never!,2.2,17000,,Adventure
Rally Caps,5.5,138000,100,Adventure
Escape from the 21st Century,6.5,872000,98,Adventure
The Mountain,6.6,155000,89,Adventure
Elli and the Ghostly Ghost Train,5.0,96000,86,Adventure
Shrek 5: The Contract - A Fan Made Film,7.0,19000,84,Adventure
Dalia y el Libro Rojo,6.5,87000,107,Adventure
Five Friends,6.7,898000,112,Adventure
No Time to Spy: A Loud House Movie,6.4,447000,81,Adventure
Guest from the Future,6.0,1200,141,Adventure
The Goat,5.6,128000,91,Adventure
Earthquake Underground,3.3,193000,83,Adventure
Z-Mom,4.9,45000,90,Adventure
The Big Trip 3: Race Around the World,5.7,55000,85,Adventure
Bureau 749,4.1,523000,123,Adventure
Mountain Boy,8.2,17000,93,Adventure
The Adventures of Jurassic Pet: Return to the Wild,5.3,61000,90,Adventure
Formed Police Unit,4.6,475000,120,Adventure
Odio el verano,5.1,571000,103,Adventure
Warrior Awang and Master Tok Gajah,4.6,475000,118,Adventure
Jathara,7.8,1100,129,Adventure
Mr Zoo Keeper,8.1,15000,,Adventure
Kalvan,5.6,986000,142,Adventure
Barroz: Guardian of Treasures,3.5,998000,155,Adventure
Vertical,5.2,130000,111,Adventure
The Traveller,5.2,207000,134,Adventure
Satu - Year of the Rabbit,9.1,56000,93,Adventure
Dünya Varmis,7.4,51000,100,Adventure
The Backrooms,6.2,8000,63,Adventure
Tanning Zone,,,,Adventure
Sunlight,7.9,17000,96,Adventure
Trifole,7.7,50000,100,Adventure
Zak & Wowo: The Legend of Lendarys,5.7,96000,85,Adventure
My Redneck Neighbor: Chapter 2 - Let the Games Begin,,,55,Adventure
A Trip Elsewhere,5.6,101000,93,Adventure
Next to Us,4.9,222000,125,Adventure
The Epidemic,5.7,72000,95,Adventure
Rocky Road to Berlin,7.2,1400,104,Adventure
Mobile Suit Gundam SEED Freedom,6.6,946000,124,Adventure
Gaami,6.4,2000,147,Adventure
Road Wars: Max Fury,2.0,350000,83,Adventure
Captain Miller,6.5,8600,157,Adventure
Empire Queen: The Golden Age of Magic,3.2,204000,148,Adventure
Kodaikanal,9.2,69000,173,Adventure
Tokusou Sentai Dekaranger 20th: Fireball Booster,7.0,31000,50,Adventure
Fuuto PI: Portrait of Kamen Rider Skull,7.5,40000,82,Adventure
Two Breaths,8.2,22000,18,Adventure
Amazon Bullseye,5.3,196000,113,Adventure
The Casagrandes Movie,5.6,666000,89,Adventure
The Slave and the Sorcerer,6.7,40000,86,Adventure
Nintama Rantaro Dokutake Ninja-tai Saikyou no Gunshi,7.1,17000,90,Adventure
Major Grom: The Game,6.1,1800,168,Adventure
Dreams,7.6,8000,106,Adventure
Game of Death - The six Doors to Hell,,,,Adventure
Ivan Tsarevich i Seryy Volk 6,5.6,84000,,Adventure
Witch Hunter,5.3,24000,80,Adventure
Moy dikiy drug,6.6,56000,100,Adventure
My Fathers' Daughter,6.7,74000,78,Adventure
Oculus,6.0,15000,113,Adventure
Powder Pup,6.2,76000,89,Adventure
Daye: Seret ahl el Daye,7.9,17000,104,Adventure
The Artifact,,,108,Adventure
Taklee Genesis x Worlds Collide,5.4,406000,146,Adventure
Its Name Was Mormo,3.7,114000,93,Adventure
Jurassic Triangle,2.5,281000,84,Adventure
Marianengraben,7.4,82000,87,Adventure
Buddy,3.8,343000,137,Adventure
Benjamin Bat,8.1,28000,75,Adventure
Memes & Nightmares,5.7,85000,81,Adventure
Diving Into the Darkness,9.1,82000,96,Adventure
Sentinelese,,,90,Adventure
I Left My Heart in Colombia,8.8,417000,,Adventure
Stinky Summer,5.7,50000,90,Adventure
Niko: Beyond the Northern Lights,6.2,330000,86,Adventure
Bull Shark 3,3.5,82000,76,Adventure
Dragon Ball Z Kai,8.5,71000,82,Adventure
Dead Dead Demon's Dededede Destruction,7.0,143000,120,Adventure
Jake Danger and the Sword of the Explorer,,,,Adventure
Sam and Colby: The Legends of the Paranormal,4.8,306000,98,Adventure
The Kingdom,7.9,89000,133,Adventure
Mong Vuot,5.3,123000,96,Adventure
Kvitebjørn,5.9,57000,85,Adventure
Finding Christmas,6.8,12000,,Adventure
76 Days Adrift,,,105,Adventure
Game On,2.6,351000,85,Adventure
Transformers Prime: Galavatron's Revenge,3.4,8000,104,Adventure
Ahl Al Kahf,5.3,261000,120,Adventure
The Epic of Gilgamesh,,,79,Adventure
Tapori Nayak,8.6,19000,,Adventure
The Phantom Warrior,2.4,555000,119,Adventure
Un lío de millones,6.0,50000,91,Adventure
Death Game,6.3,24000,88,Adventure
Güzel Bir Rüya,4.8,42000,79,Adventure
Birds Flying East,5.8,566000,100,Adventure
Yolki 11,4.7,168000,92,Adventure
Luigi's Mansion,6.0,17000,60,Adventure
At Her Feet,7.5,41000,100,Adventure
Tay 2: Ebabil Takimi,5.2,38000,78,Adventure
Kaizen,7.3,652000,160,Adventure
Letuchiy korabl,3.8,295000,100,Adventure
Baba Yaga spasaet Novyy god,4.4,116000,99,Adventure
Tulang Belulang Tulang,7.1,46000,95,Adventure
Fox & Hare Save the Forest,5.9,199000,71,Adventure
Ghost Island,7.3,47000,95,Adventure
Little Emma,5.8,110000,106,Adventure
LasseMajas detektivbyrå - Maskoten som försvann,6.0,55000,90,Adventure
Xibalba Monster,6.6,28000,76,Adventure
Teenz,4.4,864000,122,Adventure
Askepote,3.5,82000,72,Adventure
Masha i Medved v kino: Park chudes,7.6,17000,58,Adventure
Vikaasaparva,8.5,541000,134,Adventure
My Redneck Neighbor: Chapter 1 - The Rednecks Are Coming,5.0,7000,74,Adventure
Ognivo,5.5,225000,105,Adventure
The Star City Murders,4.1,142000,79,Adventure
The Forest,6.5,48000,77,Adventure
Seven Seas Seven Hills,8.7,89000,90,Adventure
Dikkie Dik en de Verdwenen Knuffel,7.3,130000,62,Adventure
The Worlds Divide,8.1,39000,120,Adventure
Turma da Mônica Jovem: Reflexos do Medo,2.8,258000,88,Adventure
Killer Witches from Outer Space,7.1,78000,,Adventure
Abudeka Is Back,5.3,34000,120,Adventure
"Maya, donne-moi un titre",6.4,52000,61,Adventure
Spirit Riser,6.7,33000,98,Adventure
Håkan Bråkan 2,5.3,132000,92,Adventure
Captain Avispa,5.8,174000,96,Adventure
Hain,2.9,45000,95,Adventure
Space Ranger,3.4,80000,,Adventure
Gepack,6.6,360000,97,Adventure
Bratya,2.8,118000,103,Adventure
Mr. Blue Shirt: The Inspiration,4.9,10000,,Adventure
Dünya Mali: Eksi Bir,7.2,16000,133,Adventure
Six Nine Five (695),7.1,705000,137,Adventure
Yaren Leylek,5.9,26000,95,Adventure
The Waves of Madness,7.6,32000,,Adventure
Si Juki the Movie: Harta Pulau Monyet,6.0,116000,107,Adventure
The Yoshi Movie,7.7,12000,105,Adventure
Rocky and Bullwinkle,9.1,12000,100,Adventure
Pui Pui Molcar the Movie: Molmax,7.0,9000,69,Adventure
Tri kota. Zimnie kanikuly,6.5,30000,65,Adventure
Tipppsy,8.2,33000,115,Adventure
Joachim and the Apocalypse,7.2,13000,90,Adventure
Duffle Bag Boy,6.9,57000,,Adventure
Get Close 2,5.6,47000,,Adventure
Historia de pastores,5.5,33000,80,Adventure
Permafrost,5.7,114000,80,Adventure
Friendly Fire,6.6,31000,105,Adventure
Yasmeen's Element,7.6,20000,76,Adventure
The Secret of Pin-Up Island,7.4,92000,107,Adventure
The Dragon's Tomb,6.8,52000,77,Adventure
My Only Relative.,,,105,Adventure
Arctic Hollow,2.3,179000,70,Adventure
The Trail,6.9,21000,80,Adventure
Naa Saami Ranga,4.5,1200,150,Adventure
Dikkie Dik 2: Een Nieuwe Vriend voor Dikkie Dik,7.4,72000,70,Adventure
Nature Cat's Nature Movie Special Extraordinaire,7.3,19000,53,Adventure
Die Chaosschwestern und Pinguin Paul,5.7,66000,100,Adventure
Wonderful Precure! The Movie! Doki Doki Game no Sekai de Daiboken,6.8,32000,71,Adventure
Boom!,8.3,11000,90,Adventure
The Sasqualogist,,,89,Adventure
Hyacinthe,,,,Adventure
Nothing Unusual,9.7,12000,92,Adventure
Lo carga el diablo,7.4,23000,93,Adventure
Minecraft But I Survive Again in Parkour Civilization,9.3,27000,,Adventure
Steal the Naughty List,6.4,119000,90,Adventure
Kral Sakir: Devler Uyandi,5.4,65000,,Adventure
Seeking the King,,,,Adventure
Cazatesoros,6.5,27000,106,Adventure
Surge of Power: Where There's Smoke,6.5,13000,68,Adventure
Jaunt,8.4,7000,78,Adventure
The Umbrella Fairy,5.6,50000,95,Adventure
Son of the Wolf,,,82,Adventure
Stranded Pearl,6.0,27000,90,Adventure
Uttarakaanda,,,,Adventure
Troy the Bharat Putra,5.5,31000,134,Adventure
Zoloto Umalty,4.9,109000,109,Adventure
Piraty galaktiki Barrakuda,4.5,82000,92,Adventure
Return,,,90,Adventure
This Land of Mine,6.8,8000,90,Adventure
Triple 7: They Said It Couldn't Be Done,8.5,13000,97,Adventure
Nanoshark,5.7,19000,,Adventure
"Bernadotte, Louise & Napoleon",,,74,Adventure
Family Vacation,,,,Adventure
Hope & Glory,6.6,144000,44,Adventure
"Silex and the City, le film",4.9,50000,77,Adventure
The Cold Father,7.0,17000,,Adventure
Iron Dusk,5.6,16000,,Adventure
Chhota Bheem and the Curse of Damyaan,4.8,2300,145,Adventure
Goodbye Hamdi,6.2,8000,85,Adventure
Heavens: The Boy and His Robot,6.3,22000,98,Adventure
Tri bogatyrya. Ni dnya bez podviga,5.7,67000,61,Adventure
Oro Negro,,,,Adventure
Manyunya. Priklyucheniya v derevne,5.9,120000,84,Adventure
Dead Dead Demon's Dededede Destruction Zenpen,7.1,138000,120,Adventure
Chernyy zamok,7.9,18000,115,Adventure
Petualangan Anak Penangkap Hantu,6.0,25000,99,Adventure
Adam i Eva,5.1,94000,95,Adventure
Appu,8.6,181000,92,Adventure
The Eye of the Salamander,7.9,20000,81,Adventure
Spider-Man: Blue,5.9,12000,,Adventure
Igrisca ne damo!,6.9,26000,79,Adventure
Elephant Steps,6.8,40000,,Adventure
Tur s Ivanushkami,5.3,158000,111,Adventure
Manyunya. Priklyucheniya v Moskve,5.8,110000,87,Adventure
23 Horas,6.9,20000,,Adventure
Kade,6.7,16000,92,Adventure
Oyunda Kal: Eglence Arenasi,2.6,36000,92,Adventure
Shadows of Betrayal: Chronicles of Ian Blair,7.3,12000,65,Adventure
Shanghai Story,8.1,57000,71,Adventure
Mobile Suit Gundam: Silver Phantom,6.1,13000,90,Adventure
Operation Wakaliga: Fate and Blood,6.7,11000,66,Adventure
Dogman Territory: Werewolves in the Land Between the Lakes,5.4,32000,,Adventure
Fights Break Sphere 3,4.7,8000,81,Adventure
Road to Dreamland,,,90,Adventure
Cândido,6.3,59000,99,Adventure
Art Work,,,91,Adventure
De Legende van Familie Vos,5.7,58000,81,Adventure
Poklad,4.6,38000,100,Adventure
Bar MoskvaChiki,5.2,102000,91,Adventure
Wonderland,6.8,12000,120,Adventure
Tracing the Divide,8.8,169000,84,Adventure
The Puffins & the Magic Portal,7.6,31000,,Adventure
Kiyma: Orman Kanunlari,4.5,36000,81,Adventure
Antarctic Voyage,6.8,6000,48,Adventure
Mai Martaba,4.9,10000,86,Adventure
Knight,,,,Adventure
Lion King: A Tale of Mufasa,,,,Adventure
Life with Quincy 3,,,73,Adventure
The Lost Coast,,,,Adventure
Superman: Jubilation,,,176,Adventure
Mama,8.5,7000,100,Adventure
Novyy god v Beryozovke,7.1,99000,94,Adventure
Target Jeremy,,,,Adventure
Samaya bolshaya luna,2.4,128000,105,Adventure
Bremenskie muzykanty,4.6,670000,115,Adventure
The Very Last Christmas,8.5,12000,75,Adventure
The Apples Gang: The Movie by Wright,,,,Adventure
The Space in Between,,,,Adventure
The Ballad of Straw Hat Sam,9.2,10000,45,Adventure
Frankenstein Theater: The Magic Sword,4.4,23000,82,Adventure
Dandelion,8.9,9000,95,Adventure
Advent,7.5,6000,119,Adventure
Wilhelm Gustloff,8.7,8000,110,Adventure
Suchana,9.0,527000,90,Adventure
Penelope & Everly's Holiday Adventure,,,,Adventure
La Familia del Barrio: La Película,4.0,6000,,Adventure
Chyortov kamen,6.4,10000,105,Adventure
Moy lyubimyy chempion,2.4,419000,95,Adventure
I racconti del mare,,,89,Adventure
Dakar Chronicles,,,,Adventure
Longe da Estrada,6.0,9000,68,Adventure
Il ricercatore,5.8,7000,71,Adventure
Anytime,8.9,20000,62,Adventure
The Bigfoot Prophecy,4.8,23000,117,Adventure
Mesken (Messuage),7.5,38000,102,Adventure
Emma,,,90,Adventure
Militant Monster 2024,8.8,28000,,Adventure
Fatal Expedition,3.9,24000,,Adventure
Let's Go! Anpanman: Baikinman and Lulun,6.5,7000,64,Adventure
Wild Boys,,,119,Adventure
Jackpot,,,,Adventure
Vasilisa i khraniteli vremeni,3.1,68000,98,Adventure
A Christmas Carol,9.8,11000,39,Adventure
Robo Puffin,,,,Adventure
"Poymay sobaku, esli smozhesh",3.5,36000,96,Adventure
Mortadella,8.4,6000,90,Adventure
The Last Five Days: The Freak Building,3.8,58000,61,Adventure
The Stand at Alder Creek,,,53,Adventure
Molar,,,135,Adventure
BAM!,6.9,29000,80,Adventure
No More Trouble - Cosa rimane di una tempesta,8.4,18000,97,Adventure
Tayna Chyornoy Ruki,5.7,23000,84,Adventure
The Ghost of Annie Lee,,,103,Adventure
Treasure Fellowship,,,86,Adventure
Príncipe Lu e a Lenda do Dragão,4.2,27000,90,Adventure
Turbozavry. God drakona,9.2,43000,48,Adventure
Alex and Mia's Awesome Movie!!,,,75,Adventure
Cacophony the Animated Movie,,,81,Adventure
"Fallen Leaves, Broken Lighters",7.7,7000,96,Adventure
La bruja del bosque oscuro,,,92,Adventure
Suvorovets 1944,5.6,8000,90,Adventure
Wheelies Inc,,,,Adventure
V potoke trekh stikhiy,5.2,42000,85,Adventure
Abar Arownne Din Ratri,7.8,7000,111,Adventure
Lung ta - Cavalli al vento,,,,Adventure
Beyond existence,4.5,18000,95,Adventure
The Farm,,,104,Adventure
Ngesot,4.8,18000,87,Adventure
Analogistan,,,85,Adventure
Gladiator II: The Art and Making of the Ridley Scott Film,,,,Adventure
YA - medved,5.0,61000,97,Adventure
Kage & Celeste,,,69,Adventure
LUDA,7.2,6000,86,Adventure
Adrian,,,,Adventure
Dracu Ra,5.4,36000,106,Adventure
EP Break the Multiverse,,,76,Adventure
Dans l'ombre de Marlow,,,80,Adventure
Cursed Waters: Creature of Lake Okanagan,,,,Adventure
Tales from the Table,,,,Adventure
L'Elisir di Leonardo da Vinci e la Banda del Buffardello,,,90,Adventure
Gumshoe Jon and the Mystery of the Saucer Men - The Even Better Version,,,,Adventure
The Long Quiet,,,94,Adventure
Skazochnyy patrul. Shou prodolzhayetsya,7.2,11000,65,Adventure
Pirates & Slaves,5.8,6000,53,Adventure
Bear Kid: Super Hero,,,80,Adventure
Qianhe xiansheng,,,82,Adventure
Carjorski Clan: Tale of the Fallen Knight,,,,Adventure
Applepictures the Poseidon Legacy,6.4,19000,84,Adventure
Pra Sempre,,,75,Adventure
Old Wild Mob,,,,Adventure
I'm Professional,3.7,8000,95,Adventure
Banana Boat,5.7,20000,78,Adventure
A Babá - Operação Game Over,4.8,10000,,Adventure
Mukhadrakon,5.3,18000,109,Adventure
"Montserrat, Integral 107",,,85,Adventure
Xiang Xi Gui Shi,,,72,Adventure
Spooky Society,,,,Adventure
Ba Jie,,,,Adventure
Lakeside's Mission: Impossible,,,,Adventure
The Kingfish 2,7.9,10000,72,Adventure
Selebryata,3.8,20000,93,Adventure
Aruanda - Sentido da Vida,,,,Adventure
Isle: Alpha One,8.4,7000,97,Adventure
Gostya iz kosmosa,8.5,6000,70,Adventure
The Lost Colony,,,,Adventure
DCLXVI,,,200,Adventure
Gen Ben Ting bu xia lai,,,,Adventure
Lost & Found,,,,Adventure
Harmonie,,,74,Adventure
The Puffins: Arctic Games,,,,Adventure
Nijari,,,106,Adventure
The 9th Raider,,,105,Adventure
Luccas e Gi em: Dinossauros,3.5,27000,91,Adventure
Isola degli sguardi,,,,Adventure
Sathur: Part1,,,,Adventure
Kyle and the Last Emerald 2,8.4,7000,15,Adventure
Piri Reis: The Incredible Chart,6.8,21000,138,Adventure
Le mystère de Waza,,,,Adventure
Dragon Gate Inn,,,90,Adventure
The Pizza Guys,,,89,Adventure
The Lion Dog,,,122,Adventure
I am the girl 3 me and my girlfriend,,,,Adventure
Huaquero Tierra Maldita,,,,Adventure
Novogodniy ekspress,9.2,5000,47,Adventure
The Seed,,,100,Adventure
StarGazer: The Need of the Many,5.0,9000,47,Adventure
The Moon Asks for Help,,,96,Adventure
Emu War: A Subtle Examination of the Sheer Caucasity of Colonialism,,,,Adventure
"Women, Dreams and Bread",,,,Adventure
Altered,,,,Adventure
The Pray,,,,Adventure
"Salem, SOS-ed!",,,91,Adventure
Okhota na russkogo geniya,5.3,11000,71,Adventure
Deux hommes un destin,,,94,Adventure
Yan Hu Ji Hua,,,90,Adventure
Madeline & Silverfrost,,,,Adventure
The Koopas,,,,Adventure
The Road to OVC Champions,,,62,Adventure
My New Country Biacuimyneco,,,95,Adventure
Road to Paradise,,,76,Adventure
Mouse Tales Movie 2,,,60,Adventure
The Blinkless,7.8,12000,59,Adventure
Changle Zhen Gui Shi,,,88,Adventure
Marraia,,,77,Adventure
Dushu,,,96,Adventure
Bragow,,,120,Adventure
Kamilota,,,,Adventure
Toy Kids: The Movie,,,65,Adventure
Purgatorio,,,59,Adventure
Florp's Solar Vacation,,,2,Adventure
Across America,,,48,Adventure
Whites Only: Ade's Extremist Adventure,7.0,27000,65,Adventure
One Day the Movie,,,,Adventure
Once upon a bridge in Vietnam,,,52,Adventure
Colour Palette,9.0,23000,87,Adventure
The Last Survivor,,,115,Adventure
Captain Toad and the Mystery Mine,,,77,Adventure
Son Though He Was: the Young Saint Francis of Assisi,,,,Adventure
Lost and Found,,,60,Adventure
Psycho Rhythm,,,,Adventure
Oda: Vlucht door de Eeuwen,6.4,7000,,Adventure
Fat Chance! the Movie,7.6,6000,,Adventure
Unhappy 25 Years Little Brat,,,,Adventure
Boyz,,,132,Adventure
Tinpot & Yello,,,51,Adventure
Coeval,,,90,Adventure
Eroi in crestere: Aventura celor 7 ani de acasa,,,,Adventure
Tobia e i colori del mondo,,,,Adventure
Cobrazilla,,,60,Adventure
PW V: Tears of the Fallen,8.2,11000,60,Adventure
The Road Long,,,,Adventure
Lapse,,,,Adventure
Línguas de Fogo,,,69,Adventure
Anywhere Wherever,,,46,Adventure
Soul Trekkers,,,,Adventure
Mult v kino. Vypusk # 174. Dobrye dela!,,,48,Adventure
Filmmaker,,,97,Adventure
Project Block,,,66,Adventure
Hasta Que Nos Encontremos De Neuvo,,,90,Adventure
Era Oculta,,,80,Adventure
Tripping,,,,Adventure
One in a million chance,,,70,Adventure
The multiverse arc,,,82,Adventure
QAnon Avenue,,,57,Adventure
Vandringen,,,78,Adventure
"Le Vrai Kaizen (Vod // La Cacabox Monte L'everest - Grimkujow, Potatoz, Mnkway, Diego, Hugo)",,,63,Adventure
I V Y: World of the Future,,,,Adventure
Maverick from the Edge,,,107,Adventure
Unscripted - In the Heart of Africa,,,82,Adventure
The Veyshal Movie,,,120,Adventure
Upanga Kingdom,,,115,Adventure
The Grand Stroke,,,128,Adventure
The Final Kick,,,10,Adventure
Lajjpal,9.0,8000,252,Adventure
Dream 1,,,,Adventure
Sur les Chemins du Temps,,,,Adventure
Meorisogeul,,,119,Adventure
ABC Life: The Movie,,,60,Adventure
Sehnsucht nach Firdaws,8.5,6000,103,Adventure
"Katarina, ili Doch razboynika",,,157,Adventure
The Embers of Domsheria,,,95,Adventure
The Brofessors Return,,,78,Adventure
Kleurenpalet 3: De Definitie Van Het Multiversum,,,77,Adventure
Spin War,,,104,Adventure
Geo Magazine,,,,Adventure
Demibook,,,,Adventure
The Redemption of Zack & Heather (Remastered),,,,Adventure
Amphibia: Endgame,,,84,Adventure
7 Day Fast,,,50,Adventure
New Day,,,48,Adventure
Exipsosi,,,,Adventure
Summer on a solitary beach,,,100,Adventure
Mystic Odyssey,,,144,Adventure
Non succederà più,,,90,Adventure
The Same Picture Group Holiday Special,,,55,Adventure
Les Nouveaux Candides,,,,Adventure
The Bigfoot prophecy 2,,,118,Adventure
Mult v kino. Vypusk # 168: Idyom na piknik!,,,51,Adventure
I crossed America with $0.01,,,,Adventure
Beyaz Zenciler: Yapim Asamasi,8.6,5000,55,Adventure
Five Nights at TK's: The Curse of TK,,,60,Adventure
Dream of Resurrection,,,95,Adventure
SITV Presents: Tabsentia,,,80,Adventure
Moving Targets,,,,Adventure
TAÏ: 33 jours dans la dernière forêt d'Afrique de l'Ouest,,,,Adventure
Phantom Lights: UAPs of the Forest,,,81,Adventure
Stunts I,,,,Adventure
Commonheart. from A Childish Mind.,,,83,Adventure
Melissa's Birthday,,,,Adventure
Katzie in Marokko,,,,Adventure
Mufasa: The Lion King,6.6,61000,118,Animation
Flow,7.9,72000,85,Animation
Moana 2,6.6,100000,100,Animation
The Wild Robot,8.2,160000,102,Animation
Despicable Me 4,6.2,65000,94,Animation
Transformers One,7.6,50000,104,Animation
The Day the Earth Blew Up: A Looney Tunes Movie,7.0,3800,91,Animation
Inside Out 2,7.5,215000,96,Animation
Solo Leveling: ReAwakening,8.7,12000,121,Animation
The Lord of the Rings: The War of the Rohirrim,6.3,30000,134,Animation
IF,6.4,58000,104,Animation
Kung Fu Panda 4,6.3,68000,94,Animation
Memoir of a Snail,7.8,17000,95,Animation
Night of the Zoopocalypse,6.0,577000,91,Animation
The Garfield Movie,5.7,24000,101,Animation
Attack on Titan the Movie: The Last Attack,9.2,15000,145,Animation
Harold and the Purple Crayon,5.7,8300,90,Animation
Spellbound,5.5,7300,109,Animation
Wallace & Gromit: Vengeance Most Fowl,7.5,34000,82,Animation
Spermageddon,5.8,789000,80,Animation
Watchmen: Chapter I,7.0,6500,83,Animation
Thelma the Unicorn,5.7,2900,93,Animation
Watchmen: Chapter II,7.0,3000,90,Animation
Look Back,7.8,15000,58,Animation
Piece by Piece,6.9,5400,93,Animation
Hitpig,5.1,920000,86,Animation
Megamind vs. The Doom Syndicate,2.5,5500,83,Animation
The Most Precious of Cargoes,7.1,912000,81,Animation
Orion and the Dark,6.3,17000,93,Animation
The Remarkable Life of Ibelin,8.2,12000,103,Animation
Justice League: Crisis on Infinite Earths - Part One,6.2,8500,93,Animation
My Hero Academia: You're Next,7.0,2000,110,Animation
Justice League: Crisis on Infinite Earths - Part Three,6.1,4500,94,Animation
Grand Theft Hamlet,6.9,1900,89,Animation
Dan Da Dan: First Encounter,8.2,2700,83,Animation
Ultraman: Rising,6.9,6300,117,Animation
Demon Slayer: Kimetsu No Yaiba - To the Hashira Training,7.1,8500,104,Animation
Saving Bikini Bottom: The Sandy Cheeks Movie,3.7,3900,82,Animation
Buffalo Kids,6.6,676000,93,Animation
The Colors Within,7.1,949000,101,Animation
Woody Woodpecker Goes to Camp,4.5,2600,100,Animation
That Christmas,6.8,17000,91,Animation
Limonov: The Ballad of Eddie,6.0,780000,138,Animation
Doraemon the Movie: Nobita's Earth Symphony,6.6,1500,115,Animation
Overlord: The Sacred Kingdom,6.9,936000,135,Animation
The Tiger's Apprentice,5.7,2200,84,Animation
Justice League: Crisis on Infinite Earths - Part Two,5.5,5300,94,Animation
Dongeng Sang Kancil,6.7,166000,99,Animation
Mars,8.9,21000,84,Animation
Mononoke the Movie: The Phantom in the Rain,6.8,1200,89,Animation
A Sloth Story,5.6,204000,90,Animation
Dragonkeeper,5.7,1700,98,Animation
Haikyu!! The Dumpster Battle,7.7,6200,85,Animation
Crayon Shin-chan: Ora's Dinosaur Diary,6.4,347000,106,Animation
Given 3: To the Sea,8.9,47000,80,Animation
Lesbian Space Princess,7.3,128000,87,Animation
The Glassworker,7.3,1700,98,Animation
Rebellious,6.0,192000,94,Animation
Frida,7.5,1500,87,Animation
The Night Before Christmas in Wonderland,6.3,514000,80,Animation
Sanatorium Under the Sign of the Hourglass,5.4,113000,75,Animation
My Freaky Family,6.3,403000,86,Animation
Johnny Puff: Secret Mission,4.8,447000,87,Animation
Re: Zero - Starting Life in Another World- Season 3 Episode 1 90-minute Special 'Theatrical Malice',8.8,1200,90,Animation
10 Lives,5.9,1900,88,Animation
Blue Lock: Episode Nagi,6.6,2500,91,Animation
200% Wolf,5.9,1300,98,Animation
From Ground Zero,8.0,530000,112,Animation
Storm Crashers,6.2,560000,88,Animation
Ryan's World the Movie: Titan Universe Adventure,1.8,689000,80,Animation
The Lost Tiger,7.8,44000,90,Animation
Gracie and Pedro: Pets to the Rescue,5.1,269000,87,Animation
Noah's Ark,4.3,653000,96,Animation
Big City Greens the Movie: Spacecation,6.2,539000,83,Animation
Panda Bear in Africa,5.5,336000,84,Animation
Savages,6.8,329000,87,Animation
Taisu Xilie,,,100,Animation
(S)KiDS,9.8,93000,85,Animation
STEVE (A Minecraft Movie),6.7,11000,61,Animation
My Oni Girl,6.0,1700,112,Animation
I Am What I Am 2,7.5,202000,134,Animation
"Die Heinzels: Neue Mützen, Neue Mission",6.4,86000,76,Animation
White Snake: Afloat,6.9,469000,133,Animation
Exorcism Chronicles: The Beginning,7.2,97000,85,Animation
Diplodocus,6.3,175000,90,Animation
Detective Conan: The Million-Dollar Pentagram,6.7,1400,111,Animation
Bloody Escape: Bats out of Hell,5.7,40000,100,Animation
Super-Charlie,5.7,115000,80,Animation
Elli and the Ghostly Ghost Train,5.0,96000,86,Animation
Shrek 5: The Contract - A Fan Made Film,7.0,19000,84,Animation
Dalia y el Libro Rojo,6.5,87000,107,Animation
Kid Santa,,,,Animation
Hola Frida,7.1,28000,82,Animation
No Time to Spy: A Loud House Movie,6.4,447000,81,Animation
The Big Trip 3: Race Around the World,5.7,55000,85,Animation
The Quintessential Quintuplets Specials 2,6.9,124000,46,Animation
Ghost Cat Anzu,6.5,760000,97,Animation
Boys Go to Jupiter,6.8,95000,90,Animation
Baki Hanma VS Kengan Ashura,5.7,1900,62,Animation
Movie Given Hiiragi Mix.,7.4,165000,70,Animation
Where the Robots Grow,2.6,516000,,Animation
Schirkoa: In Lies We Trust,5.6,158000,103,Animation
Angelo dans la forêt mystérieuse,6.0,123000,81,Animation
Trapezium,6.3,149000,102,Animation
Fureru,6.0,25000,107,Animation
Heartsping : Teenieping of Love,7.1,24000,,Animation
SuperKlaus,4.3,200000,88,Animation
Jon Vardar protiv Galaksijata,8.2,73000,86,Animation
The Proud Princess,7.1,110000,84,Animation
Bocchi the Rock! Recap Part 1,7.6,158000,90,Animation
Peppa's Cinema Party,5.1,153000,65,Animation
Zak & Wowo: The Legend of Lendarys,5.7,96000,85,Animation
Cille 2069,7.1,93000,,Animation
My Redneck Neighbor: Chapter 2 - Let the Games Begin,,,55,Animation
Living Large,7.0,116000,80,Animation
Sabbath Queen,8.0,63000,105,Animation
Mobile Suit Gundam SEED Freedom,6.6,946000,124,Animation
Luntik. Vozvrashchenie domoy,6.4,74000,,Animation
Isla Monstro,8.6,7000,,Animation
Fuuto PI: Portrait of Kamen Rider Skull,7.5,40000,82,Animation
The Casagrandes Movie,5.6,666000,89,Animation
Nintama Rantaro Dokutake Ninja-tai Saikyou no Gunshi,7.1,17000,90,Animation
Ivan Tsarevich i Seryy Volk 6,5.6,84000,,Animation
Out of the Nest,6.5,108000,84,Animation
Olivia & the Clouds,7.3,48000,81,Animation
Kizumonogatari: Koyomi Vamp,7.0,88000,144,Animation
Mustafa,6.9,72000,75,Animation
Benjamin Bat,8.1,28000,75,Animation
Bocchi the Rock! Re: Re:,7.9,99000,77,Animation
Niko: Beyond the Northern Lights,6.2,330000,86,Animation
Dragon Ball Z Kai,8.5,71000,82,Animation
Dead Dead Demon's Dededede Destruction,7.0,143000,120,Animation
Mariposas Negras,7.2,50000,83,Animation
The Summer of Mermaid,9.1,97000,,Animation
Kvitebjørn,5.9,57000,85,Animation
Monkey King: The Beginning,,,,Animation
Transformers Prime: Galavatron's Revenge,3.4,8000,104,Animation
Rock Bottom,6.9,43000,86,Animation
Mochi-chon,9.0,9000,,Animation
Boonie Bears: Time Twist,6.0,167000,105,Animation
Slocum et moi,7.3,73000,75,Animation
Tay 2: Ebabil Takimi,5.2,38000,78,Animation
A Few Moments of Cheers,7.1,38000,68,Animation
Fox & Hare Save the Forest,5.9,199000,71,Animation
Little Emma,5.8,110000,106,Animation
Il segreto di Liberato,7.3,217000,90,Animation
"Robotia, the Movie",7.7,28000,86,Animation
Askepote,3.5,82000,72,Animation
Quo Vadis,6.1,334000,90,Animation
Masha i Medved v kino: Park chudes,7.6,17000,58,Animation
TWST: Things We Said Today,7.0,45000,86,Animation
Dikkie Dik en de Verdwenen Knuffel,7.3,130000,62,Animation
The Worlds Divide,8.1,39000,120,Animation
Abá e Sua Banda,7.9,7000,84,Animation
"Maya, donne-moi un titre",6.4,52000,61,Animation
Uma Musume: Pretty Derby - Beginning of a New Era,7.3,118000,108,Animation
Captain Avispa,5.8,174000,96,Animation
Inanimate Insanity II: The Movie,8.4,231000,106,Animation
Transformers: 40th Anniversary Event,7.2,28000,96,Animation
PAPmusic - Animation for Fashion,1.0,134000,85,Animation
Kuramerukagari,5.8,80000,61,Animation
Bizarros Peixes das Fossas Abissais,8.1,13000,75,Animation
Si Juki the Movie: Harta Pulau Monyet,6.0,116000,107,Animation
Rocky and Bullwinkle,9.1,12000,100,Animation
Pui Pui Molcar the Movie: Molmax,7.0,9000,69,Animation
The Storm,6.0,139000,102,Animation
Tri kota. Zimnie kanikuly,6.5,30000,65,Animation
Teacher's Pet,5.5,36000,,Animation
Motu Patlu & The Race to the Diamond Valley,7.8,27000,72,Animation
COPS VS WHORES,,,57,Animation
Woolina and the No Birds,8.4,43000,80,Animation
Nie Xiaoqian,6.4,16000,112,Animation
Code Geass: Rozé of the Recapture - Part 1,7.7,41000,74,Animation
The Formula for Water,4.5,31000,86,Animation
Inazuma Eleven Movie: The Legendary Kickoff,,,,Animation
Animal Tales of Christmas Magic,6.8,50000,72,Animation
Meitantei Conan Bâsasu Kaitô Kiddo,6.1,159000,81,Animation
Motu Patlu & The Rise of Zombies,6.6,15000,74,Animation
Dikkie Dik 2: Een Nieuwe Vriend voor Dikkie Dik,7.4,72000,70,Animation
Nature Cat's Nature Movie Special Extraordinaire,7.3,19000,53,Animation
DreadClub: Vampire's Verdict,5.1,58000,,Animation
Wonderful Precure! The Movie! Doki Doki Game no Sekai de Daiboken,6.8,32000,71,Animation
Sunburnt Unicorn,7.5,12000,81,Animation
Rocket Club: Across the Cosmos,8.4,19000,68,Animation
Nothing Unusual,9.7,12000,92,Animation
Double Tuckerr,5.0,1200,120,Animation
Steal the Naughty List,6.4,119000,90,Animation
Kral Sakir: Devler Uyandi,5.4,65000,,Animation
Le parfum d'Irak,8.1,42000,95,Animation
Iris the Movie: Full Energy!!,7.3,7000,,Animation
Rafadan Tayfa: Kapadokya,6.7,118000,84,Animation
Into the Mortal World,6.8,152000,118,Animation
God with Three Eyes,6.1,14000,112,Animation
Norbert,6.6,12000,75,Animation
The Umbrella Fairy,5.6,50000,95,Animation
Return,,,90,Animation
Yumi's Cells: The Movie,6.2,49000,93,Animation
Maxxie LaWow: Drag Super-shero,8.7,58000,114,Animation
"Silex and the City, le film",4.9,50000,77,Animation
Hello My Beautiful Creatures,6.8,170000,142,Animation
Tobias and the Arcane Merchant,9.0,43000,167,Animation
The Greatest Surf Movie in the Universe,5.4,8000,81,Animation
Bob a Bobek ve filmu: Na stope Mrkvojeda,8.7,18000,80,Animation
Tri bogatyrya. Ni dnya bez podviga,5.7,67000,61,Animation
Dinonauts,,,77,Animation
Dead Dead Demon's Dededede Destruction Zenpen,7.1,138000,120,Animation
Riki Rhino: The Bird Kingdom,5.1,24000,109,Animation
The Delegator,4.2,17000,96,Animation
Dinosaur Empire,,,,Animation
Appu,8.6,181000,92,Animation
Spider-Man: Blue,5.9,12000,,Animation
Uma & Haggen: Mitos,7.5,46000,94,Animation
Astra,6.8,8000,80,Animation
Mobile Suit Gundam: Silver Phantom,6.1,13000,90,Animation
Sufunkan no Yell o,7.0,6000,,Animation
2475 Dawn of Revolution,6.3,152000,127,Animation
Code Geass: Rozé of the Recapture: Part 2,8.0,27000,76,Animation
Adventures of Mickey Sherlock Mouse & Winnie the Pooh,4.9,11000,,Animation
The Puffins & the Magic Portal,7.6,31000,,Animation
Gujeyeog-eseo sal-a dol-aon dwaeji,5.1,10000,105,Animation
Ganbatte Ikimasshoi,5.0,12000,,Animation
Dance with the Finless Promise,6.6,19000,,Animation
The Cheshire Cat,,,64,Animation
Peppa Pig: Peppa's Adventures Around the World,,,,Animation
Life with Quincy 3,,,73,Animation
Velký Pán,7.0,8000,73,Animation
Bartali's Bicycle,7.8,5000,80,Animation
Be Forever Yamato: Rebel 3199: Part 1: Dark Invasion,7.0,9000,50,Animation
Sirds likums,6.8,17000,65,Animation
Piril: Sayilarin Gizemi,9.0,67000,,Animation
Love and Friendship,,,57,Animation
Code Geass: Rozé of the Recapture: Part 3,7.6,24000,76,Animation
Apocalypse Love,,,,Animation
The Ballad of Straw Hat Sam,9.2,10000,45,Animation
Dante's Divine Comedy,,,,Animation
Love Live! Nijigasaki High School Idol Club Final Chapter Part 1,7.3,13000,59,Animation
Lilla spöket Laban spökar igen,6.2,25000,44,Animation
Max Beyond,6.6,17000,93,Animation
The Car Acrobatic Team Saga,7.2,10000,112,Animation
Pikmin Forever,,,,Animation
Inazuma Eleven the Movie: Prologue to the New Heroes,,,,Animation
Code Geass: Rozé of the Recapture: Part 4,7.0,14000,70,Animation
Pleasant Goat and Big Big Wolf: The World Guardians,7.2,12000,96,Animation
Penelope & Everly's Holiday Adventure,,,,Animation
Zuzubalândia: O Filme,5.6,10000,60,Animation
La Familia del Barrio: La Película,4.0,6000,,Animation
Luv You Shankar,5.8,43000,120,Animation
Arne Alligator och djungelkompisarna,4.6,48000,61,Animation
Jin Ling Yu Mao,,,97,Animation
Crazy Train,,,95,Animation
Gintama on Theater 2D: Kintama-hen,,,97,Animation
Day of the Diesels,7.7,10000,100,Animation
Sinoalice: The Very Last Story,,,74,Animation
Kustomonsters 3,,,54,Animation
Ninja Doomscrolling,8.1,102000,96,Animation
Zegapain STA,,,90,Animation
Ya Boy Kongming! Road to Summer Sonia,7.5,39000,119,Animation
Bigfoot in Wonderland,,,61,Animation
Let's Go! Anpanman: Baikinman and Lulun,6.5,7000,64,Animation
Nefertiti the Queen of Hearts,,,89,Animation
Robo Puffin,,,,Animation
Ugly Sweater,7.1,13000,80,Animation
Tied Up,,,,Animation
Gintama the Movie 2D: Courtesan of the Nation Arc,7.8,5000,109,Animation
The Guardians: The Chosen Ones,,,,Animation
Gill,,,104,Animation
Treasure Fellowship,,,86,Animation
Nasreddin Hoca: Zaman Yolcusu - Kadim Medeniyetler,7.7,12000,78,Animation
Terra Incognita 1901,9.2,14000,78,Animation
Be Forever Yamato: Rebel 3199: Part 2: The Assault of the Burning Sun,,,97,Animation
Turbozavry. God drakona,9.2,43000,48,Animation
Kaptan Pengu ve Arkadaslari 4: Buzuldaki Sir,5.4,13000,,Animation
Alex and Mia's Awesome Movie!!,,,75,Animation
Cacophony the Animated Movie,,,81,Animation
Black Butterflies,,,,Animation
Balentes,,,70,Animation
Kittened,,,,Animation
Thanksgiving in Wonderland,,,65,Animation
Happy Little Submarine: 80 Days Around the Earth,,,80,Animation
Naani Krissh's Jai Shree Ram,,,,Animation
Genjitsu no Yohane -Sunshine in the Mirror- Movie,,,89,Animation
Rudra & Return of King Makoonga,,,45,Animation
Magic Birds: I magiki pagida,,,100,Animation
LUDA,7.2,6000,86,Animation
Ekip: Siberay - Günes Firtinasi,6.0,14000,72,Animation
Satan Kingdom Babylon,,,77,Animation
"Hey, Tete",6.4,9000,151,Animation
Bogyó és Babóca 6. - Csengettyuk,7.8,13000,,Animation
The Fifth Element,,,,Animation
Skazochnyy patrul. Shou prodolzhayetsya,7.2,11000,65,Animation
Bread Barbershop: Celeb in Bakery Town,,,77,Animation
Bear Kid: Super Hero,,,80,Animation
Cordélicos,,,68,Animation
Eiga Oshiri Tantei Saraba Itoshiki Aibô (Oshiri) yo,,,71,Animation
Ba Jie,,,,Animation
Let Them Breathe: City on the Ocean,,,112,Animation
Becho,7.2,10000,,Animation
The Littlest Angel 2: Lily Has a Secret,,,84,Animation
Marvel's Civil War Full Comic Dub Movie,,,75,Animation
Little Richard the Shark,,,,Animation
Nefertiti Regina Inimilor,,,89,Animation
Our Crazy Love,,,86,Animation
Kek 2,,,98,Animation
Golmaal Jr: Humshakals Ka Golmaal,,,46,Animation
Isle: Alpha One,8.4,7000,97,Animation
The Barkers Pursuit of Adventure,,,,Animation
Harmonie,,,74,Animation
Rabbits Kingdom the Movie,,,94,Animation
The Puffins: Arctic Games,,,,Animation
Boundearth,,,108,Animation
The Grump's Christmas,,,65,Animation
Ali's Dream Castle,,,,Animation
Le mystère de Waza,,,,Animation
Ramayan the Hero's Path,,,,Animation
The Halloween Shark,,,69,Animation
Gift,,,,Animation
Calico Rebellion,,,70,Animation
Sunny,,,,Animation
Happylittle Submarine: The Adventure with Dragon,,,,Animation
Fleischer Cartoons: The Art & Inventions of Max Fleischer,,,62,Animation
Psycho City: The Movie,,,117,Animation
Elif ve Arkadaslari 2: Perisler,,,,Animation
Untitled Ambition: The Journey to Valtoria,,,,Animation
Broken Glass,,,,Animation
Mult v kino. Vypusk # 175,,,48,Animation
Broken oath Chapter #2 Blood Bath on City Island,,,90,Animation
Bie ba zuo wen dang hui shi er,7.2,11000,89,Animation
King of Prism: Dramatic Prism 1,,,60,Animation
Milk Teeth - Essere bambine in Afghanistan,,,,Animation
The Christmas Shark,,,63,Animation
Apperception,,,62,Animation
Outcome,,,51,Animation
Baby Halloween,,,66,Animation
Plastic,,,62,Animation
1963,,,57,Animation
Daughters of Monster Magnet,,,46,Animation
2054: The Wreckoning,,,60,Animation
The Monkey King Conquers Monsters,,,90,Animation
Gg Bond: Interstellar Action,,,,Animation
"Minsky, the little helper robot",,,6,Animation
Fat Chance! the Movie,7.6,6000,,Animation
Bonehead: A Fortnite Legend,,,106,Animation
Pikmin Destruction,,,95,Animation
Mult v kino. Vypusk # 170: Vsyo luchshee - druzyam,,,52,Animation
Collection Ansorge,,,90,Animation
Unhappy 25 Years Little Brat,,,,Animation
Diego of the Dead 2,,,60,Animation
"The Wizard and the Scholar (or, a Rapscallion Runs Amok in Rye)",,,63,Animation
Um Tempo de Todos,,,132,Animation
Symphony of the Eyes,,,43,Animation
VS Volume 4,,,,Animation
Mult v kino. Vypusk # 167: Fokus-pokus,,,51,Animation
The Witch Doll of Aliester Croweley,,,16,Animation
Eiga Shimajiro Miracle-jima no Nanairo Carnation,,,70,Animation
Skazochnyy patrul,,,75,Animation
The Elf Who Saved Christmas,,,62,Animation
Dreamscape Vibes: Halloween Dance Party,,,61,Animation
Tobia e i colori del mondo,,,,Animation
Alla conquista del mondo,7.2,26000,,Animation
Toto's Christmas in Oz,,,65,Animation
Young doctor's notes,,,86,Animation
Worship,,,75,Animation
Operation Terra Sol -3,,,,Animation
Papercuts - My Life as an Indie Animator,,,87,Animation
Memory Hotel,,,100,Animation
Mult v kino. Vypusk # 174. Dobrye dela!,,,48,Animation
Terrors,,,65,Animation
Fairytale Fun Force Storytime: Happy Jack,,,159,Animation
The Things I Have Seen,,,90,Animation
Poder Del Pueblo,,,84,Animation
Skullmaster: The Warrior of Havoc,,,,Animation
Era un soñador,,,65,Animation
Mei Ren Yu De Xia Tian,,,,Animation
Snow White's Storytime: The Wishing-Stone Stories,,,296,Animation
The Burgger and Frogger Movie,,,,Animation
"Abenzaidún y Wallada, amor eterno",,,67,Animation
Imam Hussein the Majestic Sacrifice,,,,Animation
The Veyshal Movie,,,120,Animation
Mult v kino. Vypusk # 165: Multikov vsegda malo,,,49,Animation
World of Sathvik and his friends : The Cursed Pumpkin,,,48,Animation
Slides for the Lecture-Performance,,,55,Animation
Despierta tu alma,,,,Animation
Nancy & Bill: The Story Before Oliver Twist,,,,Animation
Ah My Goddess: Bad Goddess One Wish,,,53,Animation
Ilia Jostojooye Ghahreman,,,,Animation
Mutation X,,,51,Animation
Mission to Pisom,,,,Animation
Ba Jie Zhi Tian Peng Xia Jie,,,,Animation
Criaturas Sorridentes,,,,Animation
Cekárna,,,3,Animation
Frost: End of the Ashics,,,57,Animation
The Redemption of Zack & Heather (Remastered),,,,Animation
Fishtales: The Christmas Whale,,,65,Animation
Tax on Cigarettes,,,,Animation
Métasexe,,,42,Animation
Huang Pi: God of Money,,,82,Animation
Minderler Adasi: Kilicin Sahibi,,,,Animation
Baby Pillows,,,,Animation
People Power,,,84,Animation
There's Something About Knuckles Saga,,,46,Animation
Mufasa: The Lion King,6.6,61000,118,Family
Flow,7.9,72000,85,Family
Moana 2,6.6,100000,100,Family
Sonic the Hedgehog 3,6.9,58000,110,Family
Paddington in Peru,6.7,20000,106,Family
Despicable Me 4,6.2,65000,94,Family
Transformers One,7.6,50000,104,Family
The Day the Earth Blew Up: A Looney Tunes Movie,7.0,3800,91,Family
Inside Out 2,7.5,215000,96,Family
IF,6.4,58000,104,Family
Kung Fu Panda 4,6.3,68000,94,Family
Not Just a Goof,7.8,256000,87,Family
The Garfield Movie,5.7,24000,101,Family
Harold and the Purple Crayon,5.7,8300,90,Family
Spellbound,5.5,7300,109,Family
My Penguin Friend,6.7,5000,97,Family
Wallace & Gromit: Vengeance Most Fowl,7.5,34000,82,Family
Descendants: The Rise of Red,4.7,7000,91,Family
Young Hearts,8.0,4700,99,Family
How to Make Millions Before Grandma Dies,8.0,14000,125,Family
The Forge,6.7,4800,124,Family
Thelma the Unicorn,5.7,2900,93,Family
Faith of Angels,5.7,210000,98,Family
Piece by Piece,6.9,5400,93,Family
Hitpig,5.1,920000,86,Family
Megamind vs. The Doom Syndicate,2.5,5500,83,Family
Orion and the Dark,6.3,17000,93,Family
Panda Plan,5.1,1300,99,Family
Unsung Hero,7.0,5000,113,Family
You Gotta Believe,5.8,1300,104,Family
The Thundermans Return,5.0,1800,70,Family
Lost on a Mountain in Maine,6.1,1200,98,Family
Big World,7.3,1200,131,Family
Ultraman: Rising,6.9,6300,117,Family
Saving Bikini Bottom: The Sandy Cheeks Movie,3.7,3900,82,Family
Buffalo Kids,6.6,676000,93,Family
Woody Woodpecker Goes to Camp,4.5,2600,100,Family
That Christmas,6.8,17000,91,Family
Average Joe,4.3,574000,100,Family
A Carpenter's Prayer,6.1,81000,91,Family
Chuck Billy and the Marvelous Guava Tree,7.5,979000,90,Family
Doraemon the Movie: Nobita's Earth Symphony,6.6,1500,115,Family
Bibi Rajni,8.6,717000,143,Family
Autumn and the Black Jaguar,5.6,996000,100,Family
The Tiger's Apprentice,5.7,2200,84,Family
Dongeng Sang Kancil,6.7,166000,99,Family
Meiyazhagan,8.4,14000,177,Family
Bambi: A Tale of Life in the Woods,5.7,166000,78,Family
A Sloth Story,5.6,204000,90,Family
Crayon Shin-chan: Ora's Dinosaur Diary,6.4,347000,106,Family
Babah,6.8,157000,129,Family
Runt,6.4,524000,91,Family
A Brother and 7 Siblings,8.6,1200,129,Family
Man and Witch: The Dance of a Thousand Steps,5.5,328000,94,Family
Rebellious,6.0,192000,94,Family
Fear,8.4,2800,115,Family
The Night Before Christmas in Wonderland,6.3,514000,80,Family
And the Breadwinner Is...,6.8,250000,123,Family
Woodwalkers,5.3,423000,103,Family
My Freaky Family,6.3,403000,86,Family
10 Lives,5.9,1900,88,Family
200% Wolf,5.9,1300,98,Family
A Sudden Case of Christmas,5.1,1100,91,Family
Storm Crashers,6.2,560000,88,Family
The Groomsmen: First Look,6.1,386000,82,Family
Robin and the Hoods,4.3,511000,100,Family
Ryan's World the Movie: Titan Universe Adventure,1.8,689000,80,Family
Véletlenül írtam egy könyvet,7.7,314000,98,Family
The Lost Tiger,7.8,44000,90,Family
Gracie and Pedro: Pets to the Rescue,5.1,269000,87,Family
Noah's Ark,4.3,653000,96,Family
Big City Greens the Movie: Spacecation,6.2,539000,83,Family
Panda Bear in Africa,5.5,336000,84,Family
Return to Wickensburg,5.0,29000,88,Family
Believe in Christmas,6.1,826000,90,Family
Savages,6.8,329000,87,Family
The Magician's Raincoat,5.5,102000,,Family
Der Buchspazierer,7.3,390000,98,Family
My Oni Girl,6.0,1700,112,Family
Going Viral,6.8,52000,90,Family
"Die Heinzels: Neue Mützen, Neue Mission",6.4,86000,76,Family
Like a Rolling Stone,7.7,437000,106,Family
Bila Esok Ibu Tiada,6.7,308000,104,Family
Rajakili,6.8,582000,122,Family
School of Magical Animals 3,5.8,310000,105,Family
Treasure Trackers,5.8,159000,92,Family
Juliette au printemps,6.4,257000,95,Family
Disaster Holiday,4.8,694000,93,Family
Rally Caps,5.5,138000,100,Family
Super-Charlie,5.7,115000,80,Family
Victoria må dø,5.9,362000,85,Family
2nd Miracle in Cell No. 7,7.8,211000,147,Family
Cup,8.6,68000,146,Family
Elli and the Ghostly Ghost Train,5.0,96000,86,Family
The Neon Highway,6.0,491000,113,Family
Dalia y el Libro Rojo,6.5,87000,107,Family
The Primrose Railway Children,4.9,142000,81,Family
Kid Santa,,,,Family
A Nashville Wish,5.7,93000,102,Family
No Time to Spy: A Loud House Movie,6.4,447000,81,Family
Rajkumar,7.4,2700,145,Family
Marry Christmas,6.7,61000,85,Family
Guest from the Future,6.0,1200,141,Family
The Big Trip 3: Race Around the World,5.7,55000,85,Family
Home Sweet Loan,8.1,917000,112,Family
Mountain Boy,8.2,17000,93,Family
Ghost Cat Anzu,6.5,760000,97,Family
The Adventures of Jurassic Pet: Return to the Wild,5.3,61000,90,Family
Father There is Only One 4,5.2,614000,90,Family
Paper Flowers,8.8,32000,100,Family
Dance Rivals,6.0,68000,93,Family
The Snow Sister,7.0,2100,96,Family
Super papa,5.2,120000,90,Family
Brewster's Millions: Christmas,5.6,188000,100,Family
Børnene fra Sølvgade,7.6,95000,102,Family
My Eyes,,,,Family
Heartsping : Teenieping of Love,7.1,24000,,Family
Lucy and the Lake Monster,9.4,27000,,Family
SuperKlaus,4.3,200000,88,Family
Skelly,5.5,92000,85,Family
The Proud Princess,7.1,110000,84,Family
Sunny,7.3,25000,122,Family
Gina,7.4,25000,100,Family
Gowri,7.4,4100,130,Family
Grrr...,4.0,813000,121,Family
Sabari,6.6,5400,129,Family
Bayramlik,4.9,43000,114,Family
Saint Nick of Bethlehem,9.2,100000,93,Family
Ole Aale,8.7,408000,142,Family
Ghudchadi,4.2,554000,113,Family
Nadanna Sambhavam,5.8,1400,120,Family
Grüsse vom Mars,7.3,29000,85,Family
Peppa's Cinema Party,5.1,153000,65,Family
Zak & Wowo: The Legend of Lendarys,5.7,96000,85,Family
My Redneck Neighbor: Chapter 2 - Let the Games Begin,,,55,Family
Living Large,7.0,116000,80,Family
Hashtag Tadev lagnam,6.5,144000,118,Family
The Land of Morning Calm,6.2,22000,113,Family
The Legend of Catclaws Mountain,3.5,171000,104,Family
Magic Beach,5.5,58000,80,Family
Dedh Bigha Zameen,6.9,750000,100,Family
Krispy Rishtey,6.5,70000,133,Family
Aanandhapuram Diaries,7.0,2500,115,Family
Hope,5.3,38000,,Family
Dog Days,6.7,312000,120,Family
De Bellinga's: Pretpark op stelten,3.1,125000,70,Family
Eine zweite Chance,8.4,41000,91,Family
Planet 7693,7.6,68000,110,Family
Singapore Saloon,6.0,1200,137,Family
The Casagrandes Movie,5.6,666000,89,Family
Nintama Rantaro Dokutake Ninja-tai Saikyou no Gunshi,7.1,17000,90,Family
Gharat Ganpati,7.9,499000,139,Family
Ivan Tsarevich i Seryy Volk 6,5.6,84000,,Family
The Lamb,6.9,32000,85,Family
Moy dikiy drug,6.6,56000,100,Family
Powder Pup,6.2,76000,89,Family
Daye: Seret ahl el Daye,7.9,17000,104,Family
Nanak Naam Jahaz Hai,,,140,Family
Sieger Sein,6.5,180000,119,Family
Dear Family,6.8,59000,116,Family
Vozvrashchenie popugaya Keshi,4.2,59000,93,Family
Superkrachten voor je hoofd,7.3,197000,92,Family
Stinky Summer,5.7,50000,90,Family
Niko: Beyond the Northern Lights,6.2,330000,86,Family
My Private Line to God,6.8,84000,,Family
"Love, Sitara",5.3,297000,105,Family
Spirit of Friendship,4.3,74000,85,Family
Vishesham,6.7,1400,136,Family
Mr. Santa: A Christmas Extravaganza,8.5,16000,98,Family
Luv Ki Arrange Marriage,3.9,4500,135,Family
Kvitebjørn,5.9,57000,85,Family
Finding Christmas,6.8,12000,,Family
For Prophet,5.5,105000,105,Family
Blended Christmas,6.3,62000,,Family
Too Old for Fairy Tales 2,4.8,396000,95,Family
Yolki 11,4.7,168000,92,Family
Luigi's Mansion,6.0,17000,60,Family
Daaru Na Peenda Hove,7.6,2300,111,Family
Joy of Horses,5.8,164000,90,Family
Juf Braaksel en de Geniale Ontsnapping,4.2,49000,83,Family
Letuchiy korabl,3.8,295000,100,Family
Baba Yaga spasaet Novyy god,4.4,116000,99,Family
Kardes Takimi,3.5,553000,95,Family
Carol,8.3,47000,115,Family
Little Emma,5.8,110000,106,Family
LasseMajas detektivbyrå - Maskoten som försvann,6.0,55000,90,Family
We Believe,3.5,14000,,Family
Laggam,8.4,5100,130,Family
"Robotia, the Movie",7.7,28000,86,Family
Askepote,3.5,82000,72,Family
Khusma,8.5,38000,,Family
Depth of Field,8.5,27000,,Family
Masha i Medved v kino: Park chudes,7.6,17000,58,Family
Vikaasaparva,8.5,541000,134,Family
My Redneck Neighbor: Chapter 1 - The Rednecks Are Coming,5.0,7000,74,Family
Ognivo,5.5,225000,105,Family
Vaar Tahevaar,8.0,280000,127,Family
Dikkie Dik en de Verdwenen Knuffel,7.3,130000,62,Family
Oru Kadha Parayum Neram,9.3,338000,,Family
A Hero's Journey: The Making of Percy Jackson and the Olympians,7.4,249000,50,Family
"Maya, donne-moi un titre",6.4,52000,61,Family
Håkan Bråkan 2,5.3,132000,92,Family
Captain Avispa,5.8,174000,96,Family
Windcatcher,5.3,407000,80,Family
G for Gap,7.2,555000,103,Family
Inanimate Insanity II: The Movie,8.4,231000,106,Family
DeAr,5.1,1300,132,Family
Chicken Coop,5.8,88000,98,Family
Yaren Leylek,5.9,26000,95,Family
Kayip Kamyon,4.9,20000,,Family
Si Juki the Movie: Harta Pulau Monyet,6.0,116000,107,Family
Chithini,6.0,551000,151,Family
Miracle Mile,8.7,27000,82,Family
"Akiko, der fliegende Affe",8.6,11000,70,Family
Pui Pui Molcar the Movie: Molmax,7.0,9000,69,Family
Mees Kees op eigen benen,6.1,35000,82,Family
Tri kota. Zimnie kanikuly,6.5,30000,65,Family
BeBe Winans' We Three Kings,6.9,128000,90,Family
Ne odna doma,4.1,82000,79,Family
Saving Christmas,8.2,19000,,Family
The Secret of Pin-Up Island,7.4,92000,107,Family
Il migliore dei mali,7.7,7000,90,Family
Thookudurai,4.4,2300,125,Family
Inazuma Eleven Movie: The Legendary Kickoff,,,,Family
Cricket,8.6,14000,,Family
Animal Tales of Christmas Magic,6.8,50000,72,Family
The Magic Penguin,3.7,27000,89,Family
Ducobu passe au vert!,4.0,130000,90,Family
Titip Surat Untuk Tuhan,6.5,41000,81,Family
Het Feest van Tante Rita 2 - De Chocobom,6.7,20000,,Family
V banyu!,5.1,71000,99,Family
Wedding Diaries,8.9,2000,121,Family
Heidi,,,100,Family
CBeebies Panto: Beauty and the Beast,7.8,16000,73,Family
Dikkie Dik 2: Een Nieuwe Vriend voor Dikkie Dik,7.4,72000,70,Family
A Holiday for Harmony,3.6,36000,120,Family
Nature Cat's Nature Movie Special Extraordinaire,7.3,19000,53,Family
Die Chaosschwestern und Pinguin Paul,5.7,66000,100,Family
Padmavyuham Lo Chakradhari,7.4,1700,110,Family
Brother,6.2,2300,140,Family
Wonderful Precure! The Movie! Doki Doki Game no Sekai de Daiboken,6.8,32000,71,Family
"Merry Birthday, Happy Christmas",4.8,114000,84,Family
14 Days Love,7.9,9000,112,Family
Hope's Hollywood Christmas,8.9,28000,90,Family
Boom!,8.3,11000,90,Family
Rocket Club: Across the Cosmos,8.4,19000,68,Family
A Christmas Miracle,6.0,66000,88,Family
Tartinijev kljuc,7.8,21000,115,Family
Double Tuckerr,5.0,1200,120,Family
Steal the Naughty List,6.4,119000,90,Family
Paagal vs Kadhal,9.0,2100,111,Family
Haydi Tut Elimi,6.9,27000,113,Family
Troy the Bharat Putra,5.5,31000,134,Family
Semeynyy perepolokh,4.9,60000,87,Family
Baii Ga,4.3,61000,134,Family
Piraty galaktiki Barrakuda,4.5,82000,92,Family
Christmas with the Pups 2: Pups Alone,4.3,13000,,Family
Return,,,90,Family
Peas and Carrots,,,96,Family
Christmas Carole,4.3,74000,93,Family
Porch Pirates,5.0,103000,107,Family
Last Defenders of Monogamy,5.3,386000,84,Family
Give 'Em Hell Honey!,5.6,12000,94,Family
De Club van Sinterklaas Film: Het Grote Sneeuwavontuur,5.8,50000,79,Family
Lek Asavi Tar Ashi,5.5,13000,143,Family
Woof Woof Daddy,6.4,42000,105,Family
Dance,3.3,66000,,Family
Chhota Bheem and the Curse of Damyaan,4.8,2300,145,Family
A Day with Santa,,,,Family
Heavens: The Boy and His Robot,6.3,22000,98,Family
Bob a Bobek ve filmu: Na stope Mrkvojeda,8.7,18000,80,Family
Tri bogatyrya. Ni dnya bez podviga,5.7,67000,61,Family
Vovó Ninja,5.2,21000,96,Family
Manyunya. Priklyucheniya v derevne,5.9,120000,84,Family
Our Church Thinks We're Dating,7.5,59000,102,Family
Domovyonok Kuzya,6.5,819000,90,Family
Petualangan Anak Penangkap Hantu,6.0,25000,99,Family
Scooped,5.3,44000,84,Family
Amaltash,8.1,149000,113,Family
Çocuk Kalbi,,,,Family
Obraz,7.6,17000,95,Family
Igrisca ne damo!,6.9,26000,79,Family
Manyunya. Priklyucheniya v Moskve,5.8,110000,87,Family
Hank's Christmas Wish 2: The Nutcracker,3.5,14000,,Family
Uma & Haggen: Mitos,7.5,46000,94,Family
Double Engine,5.6,114000,106,Family
Oyunda Kal: Eglence Arenasi,2.6,36000,92,Family
The Hedgehog,6.6,676000,104,Family
Smotri na menya!,5.7,70000,120,Family
Faith in the Family,2.8,121000,,Family
Mastaani,9.4,26000,150,Family
Not a Clue,8.6,6000,,Family
My Dear Donga,5.7,160000,132,Family
Palayam PC,5.1,137000,118,Family
Maerey Gaon Ki Baat,,,165,Family
Childhood Tales,7.4,22000,63,Family
Princezna na hrásku,5.6,63000,80,Family
De Legende van Familie Vos,5.7,58000,81,Family
Kallu Compound 1995,8.0,2000,140,Family
The Puffins & the Magic Portal,7.6,31000,,Family
Perfekta: Uma Aventura da Escola de Gênios,5.8,16000,92,Family
The Cheshire Cat,,,64,Family
Kaagada,8.8,13000,149,Family
Alchemist,,,,Family
Indonesia dari Timur,7.8,5000,112,Family
Max und die wilde 7: Die Geister-Oma,6.2,46000,90,Family
Al Eid Eiden,5.8,12000,110,Family
Quem é o pai do miúdo?,,,,Family
Novyy god v Beryozovke,7.1,99000,94,Family
A Creature Was Stirring,,,91,Family
Our Christmas House,5.5,46000,77,Family
Bremenskie muzykanty,4.6,670000,115,Family
Sri Sri Sri Raja Vaaru,,,,Family
Superpietonii Zurli,3.2,48000,,Family
The Christmas Room,6.4,52000,99,Family
Ukraine Mon Amour,,,,Family
Alive & Free,,,91,Family
Guru Chela,,,157,Family
Home-less for the Holidays,7.6,10000,,Family
Tarpana,,,138,Family
Mansarra,7.7,20000,138,Family
Last Will,,,107,Family
Awesomest Christmas Ever,6.9,21000,78,Family
Fanzo Movie,7.9,10000,104,Family
Gabru Gang,8.7,214000,123,Family
"7 dney, 7 nochey",6.4,404000,98,Family
Inazuma Eleven the Movie: Prologue to the New Heroes,,,,Family
Kattis Gang,8.2,403000,144,Family
Prinsessa Pikkiriikki,6.1,39000,75,Family
Feng Zi Lao Ba,,,85,Family
Iwájú: A Day Ahead,6.8,73000,71,Family
Odna doma. Velikolepnaya pyatyorka,4.1,39000,85,Family
Moy lyubimyy chempion,2.4,419000,95,Family
Jait Re Jait,8.4,186000,,Family
Home Plate,,,85,Family
Arne Alligator och djungelkompisarna,4.6,48000,61,Family
Rangeet,,,,Family
Chitti - Potti,9.0,1700,150,Family
Oti Uttam,5.2,203000,137,Family
Emma,,,90,Family
Day of the Diesels,7.7,10000,100,Family
Sarhadein,,,,Family
Lokananta,7.0,9000,,Family
Feather Christmas,5.2,120000,94,Family
The Truth: The Journey Within,7.2,8000,91,Family
Kokh,,,,Family
Little Town,6.8,11000,90,Family
Roboman the Movie,7.2,5000,,Family
Malyshariki. Den rozhdeniya,5.8,28000,52,Family
Bigfoot in Wonderland,,,61,Family
Let's Go! Anpanman: Baikinman and Lulun,6.5,7000,64,Family
My Dad Is an Alien,8.0,19000,96,Family
Shaktiman,8.0,9000,,Family
The Smokey Bear Movie,,,,Family
Vasilisa i khraniteli vremeni,3.1,68000,98,Family
Give You a Candy,5.4,14000,134,Family
Interview,,,115,Family
Robo Puffin,,,,Family
"Poymay sobaku, esli smozhesh",3.5,36000,96,Family
Vindu Bhojanam,7.2,54000,103,Family
Nebesko,5.2,10000,73,Family
Lokshahi,8.0,15000,,Family
Le trésor perdu,,,72,Family
my father my hero,,,,Family
Romeo and Benvolio,,,80,Family
Mezhdu nami,5.1,35000,93,Family
Tayna Chyornoy Ruki,5.7,23000,84,Family
The Guardians: The Chosen Ones,,,,Family
Papu mame zaverni,3.6,68000,106,Family
Moyo sobache delo,5.3,44000,77,Family
Treasure Fellowship,,,86,Family
Vishkanya,,,,Family
Once Upon a Christmas,6.8,13000,115,Family
Vardaan Banal Abhishap Ba Mayee,,,,Family
A Game of Two Halves,7.3,24000,100,Family
Specialty Acts of Long Ago,,,68,Family
Uzhaipalar Thinam,4.3,7000,122,Family
RB&O Live: Alice's Adventures in Wonderland,,,205,Family
Príncipe Lu e a Lenda do Dragão,4.2,27000,90,Family
Haddhu Ledhu Raa,7.3,2000,112,Family
Iyus Jenius,9.0,7000,82,Family
A House Without a Father,6.2,34000,61,Family
Appa I Love You,8.7,543000,145,Family
Uparwala & Sons,9.2,322000,126,Family
Stealing Church,,,39,Family
Hamari Ramleela,,,119,Family
Klaantha,6.2,518000,107,Family
Suvorovets 1944,5.6,8000,90,Family
Thanksgiving in Wonderland,,,65,Family
De Grote Sinterklaasfilm - Stampij in de bakkerij,3.0,76000,75,Family
Neposlushniki,4.9,94000,108,Family
Satidevi,,,129,Family
Bitva pap,4.4,25000,79,Family
SDL A Batalha Musical,7.3,41000,102,Family
Staying Five Nights at School: The Movie!,,,,Family
Bade Ghar Ki Bahu,,,,Family
Novogodnee chudo,5.5,14000,73,Family
Kaash (Jiff Official Selection),,,54,Family
YA - medved,5.0,61000,97,Family
Magic Birds: I magiki pagida,,,100,Family
LUDA,7.2,6000,86,Family
Candlelight My Way,,,95,Family
Shiva Ragini,,,,Family
A Christmas Reunion,4.9,11000,64,Family
Raghu Ram,,,,Family
Il circo delle meraviglie,,,90,Family
Khelaghar Bandhte Legechi,8.0,7000,100,Family
Navardev Bsc. Agri.,9.2,15000,,Family
Ek Minute,,,,Family
Iyunskaya polyn,10.0,5000,79,Family
Person of the Year,5.8,11000,100,Family
Fien & Teun Circus op de Boerderij,5.6,11000,77,Family
Destiny or Will. Marusia,8.9,17000,,Family
L'Elisir di Leonardo da Vinci e la Banda del Buffardello,,,90,Family
Margie en de magische drank,,,59,Family
When the World Met Miss Probinsyana,9.5,43000,155,Family
Skazochnyy patrul. Shou prodolzhayetsya,7.2,11000,65,Family
"Heinähattu, Vilttitossu ja kana",4.9,60000,77,Family
Harna,,,,Family
Nicotine,,,,Family
Diwani,,,,Family
Papa Ki Pari,,,15,Family
Mukhadrakon,5.3,18000,109,Family
Omar v bolshom kino,5.8,26000,86,Family
My half,2.9,11000,,Family
Thomas & Friends ERTL Adventures: The Biggest Christmas Adventure,,,75,Family
Wholesome Grove,7.0,8000,99,Family
Selebryata,3.8,20000,93,Family
Jugol,,,49,Family
El Laboratorio Mágico,,,,Family
Family History 2,,,,Family
Santa's Chimney of Secrets,4.6,23000,,Family
Gen Ben Ting bu xia lai,,,,Family
Lost & Found,,,,Family
Bhabhi Ki Barat,,,,Family
Light for Your Journey,,,,Family
Snooze,,,81,Family
We Wish You a Dairy Christmas,,,,Family
Isabella: Diary of A Foster Girl,,,110,Family
Pinnil Oral,6.0,113000,127,Family
Smart Killer,8.9,10000,,Family
The Puffins: Arctic Games,,,,Family
Mallemogga,9.0,11000,132,Family
Wo de Ye Ye,,,,Family
The Heiress,,,131,Family
The Grump's Christmas,,,65,Family
Her Life Choice,,,45,Family
Korporatsiya Morozov,5.5,30000,83,Family
"But First, Coffee",,,49,Family
What a day before Christmas,,,,Family
Le mystère de Waza,,,,Family
Oh Dear Son,,,,Family
Novogodniy ekspress,9.2,5000,47,Family
1600 Meter,,,106,Family
I'm Supposed to Walk This Way,,,,Family
Udanadi Mangalyam,2.9,24000,90,Family
Kazhdyy mechtaet o sobake,5.2,32000,90,Family
Eri Naam Songsar,,,47,Family
The Halloween Shark,,,69,Family
Cupcake's,,,,Family
Chitra,,,125,Family
Nosso Amiguinho,,,100,Family
"Salem, SOS-ed!",,,91,Family
Benih,,,56,Family
The Sailing Movie,,,88,Family
Idu Entha Lokavayya,6.6,7000,120,Family
Sukhneer,,,,Family
Alfred and His Mischiefs,,,99,Family
"Ponta Grossa, Não Sei Se Te Amo",,,89,Family
Pulang Tak Harus Rumah,,,80,Family
Mouse Tales Movie 2,,,60,Family
Mangu the Fighter,,,105,Family
Skaapboud of Potjie,,,89,Family
San Francisco Bae,,,,Family
Baby Halloween,,,66,Family
Gyakorlat teszi a mestert,6.1,15000,46,Family
Insaniyat,,,12,Family
Maranayudham,,,141,Family
In the Sea of Grace,,,88,Family
Tomari Sathe,8.0,8000,54,Family
Agrico's,8.9,1000,,Family
Hao hao shuo zai jian,,,92,Family
Ani-Mom,,,65,Family
Sas Athanni Bahu Rupayiya,,,,Family
Bidhoba: The Widow,8.0,7000,,Family
Diego of the Dead 2,,,60,Family
Shesh Kichudin,,,55,Family
Sipi Pelle TV-starana,,,75,Family
Mult v kino. Vypusk # 167: Fokus-pokus,,,51,Family
Dastaavej,,,140,Family
Forever Queens,,,62,Family
Wolf Witch Giant Fairy,,,70,Family
Daddy's Love,,,,Family
Mother of a Christmas,,,,Family
Astronaut Dreams,,,,Family
To the camp - Special squad,,,,Family
The Elf Who Saved Christmas,,,62,Family
Gyani Goni,,,43,Family
Eroi in crestere: Aventura celor 7 ani de acasa,,,,Family
Tobia e i colori del mondo,,,,Family
Jodi Bhalobasho,,,54,Family
Early Years (xiao shi hou),,,16,Family
Mit Baa Ko Gaun,,,105,Family
Silver Lining,,,,Family
Chosen: The Stage Play,,,,Family
"Maayunnu, Maarivarayunnu, Nisvaasangalil...",,,,Family
Prothom Valobasa,,,53,Family
Our Place Is Here,,,54,Family
The Hay Man,,,74,Family
Panne,,,162,Family
Medicine Man,,,52,Family
The Adventures of the Adventures 4: Boston Haunts,,,119,Family
Fairytale Fun Force Storytime: Happy Jack,,,159,Family
Sur Lagoo De,9.4,9000,,Family
Tui Ke Amar,6.6,6000,114,Family
Minchuhulu,,,93,Family
Snow White's Storytime: The Wishing-Stone Stories,,,296,Family
Prayog,,,120,Family
Körshiler,,,,Family
The Silly Billies: Live in Your Lounge Room!,,,47,Family
Sapna maa baap na,,,,Family
Chatri Bou,,,,Family
Ruthupavanalu (Monsoon Breeze),,,135,Family
Kadaloora Kanmmani,,,151,Family
Dream 1,,,,Family
Otitpur,,,48,Family
The Silly Billies: Greatest Hits & Best Bits!,,,80,Family
Lover of Mewat,,,,Family
Takar Machine,,,40,Family
Incident at Panther Hills: Bigfoot's Return,,,58,Family
Baawla,,,17,Family
Nwanyi Abacha,,,,Family
Christian Growth Through Hymns,,,50,Family
True talents always shine through,,,,Family
Salamat Rahe Dostana Hamara (SRDH),9.3,87000,60,Family
"Iloilo, lueurs invisibles",,,51,Family
Hothat Bhalobasa,,,64,Family
Hamar Niyati,,,139,Family
Naiki ka Badla,,,14,Family
Filli Saat: Cezeri'nin Mirasi,,,,Family
Boro Bhaiyer Eid Nai,,,,Family
Flower,,,,Family
Venice 2024 Journey Australia,,,55,Family
Non succederà più,,,90,Family
Ram Ji Ki Kripa Se,,,,Family
You Xi Le,,,,Family
Ram NRI,,,133,Family
Let's Dance Brighton 2024: Monday,,,,Family
O Gün Hava Bulutlu Degildi,,,120,Family
Bouer Dosh,,,,Family
Y2K,4.8,14000,91,Sci-Fi
The Substance,7.3,295000,141,Sci-Fi
The Assessment,6.8,2300,114,Sci-Fi
Sonic the Hedgehog 3,6.9,58000,110,Sci-Fi
Deadpool & Wolverine,7.6,489000,128,Sci-Fi
The Wild Robot,8.2,160000,102,Sci-Fi
Dune: Part Two,8.5,622000,166,Sci-Fi
Venom: The Last Dance,6.0,116000,110,Sci-Fi
Furiosa: A Mad Max Saga,7.5,284000,148,Sci-Fi
Alien: Romulus,7.1,243000,119,Sci-Fi
Megalopolis,4.7,35000,138,Sci-Fi
Despicable Me 4,6.2,65000,94,Sci-Fi
Borderlands,4.7,48000,101,Sci-Fi
Subservience,5.4,27000,106,Sci-Fi
Transformers One,7.6,50000,104,Sci-Fi
The Day the Earth Blew Up: A Looney Tunes Movie,7.0,3800,91,Sci-Fi
The Life of Chuck,7.7,508000,110,Sci-Fi
Elevation,5.6,21000,91,Sci-Fi
A Quiet Place: Day One,6.3,149000,99,Sci-Fi
Madame Web,4.0,100000,116,Sci-Fi
It's What's Inside,6.6,42000,103,Sci-Fi
Distant,5.7,3200,87,Sci-Fi
The Shrouds,6.0,1100,119,Sci-Fi
Ghostbusters: Frozen Empire,6.1,93000,115,Sci-Fi
Godzilla x Kong: The New Empire,6.0,121000,115,Sci-Fi
Spaceman,5.7,43000,107,Sci-Fi
Caddo Lake,6.8,42000,103,Sci-Fi
Kingdom of the Planet of the Apes,6.9,151000,145,Sci-Fi
Survive,4.6,2400,90,Sci-Fi
Werewolves,4.4,6500,93,Sci-Fi
Uglies,4.7,33000,100,Sci-Fi
Arcadian,5.5,23000,92,Sci-Fi
Slingshot,5.7,9400,108,Sci-Fi
Rich Flu,5.3,5700,116,Sci-Fi
Time Cut,5.0,19000,91,Sci-Fi
Wallace & Gromit: Vengeance Most Fowl,7.5,34000,82,Sci-Fi
Atlas,5.6,56000,118,Sci-Fi
Sting,5.7,16000,91,Sci-Fi
Apocalypse Z: The Beginning of the End,6.1,20000,117,Sci-Fi
Love Me,5.1,2400,91,Sci-Fi
Die Alone,5.7,2900,91,Sci-Fi
Kalki 2898 AD,7.0,66000,180,Sci-Fi
Afraid,5.2,14000,84,Sci-Fi
Watchmen: Chapter I,7.0,6500,83,Sci-Fi
Rebel Moon - Part Two: The Scargiver,5.3,59000,122,Sci-Fi
The End,5.5,1800,148,Sci-Fi
Watchmen: Chapter II,7.0,3000,90,Sci-Fi
Breathe,4.2,7200,93,Sci-Fi
The Platform 2,4.9,40000,99,Sci-Fi
The Fix,4.6,1200,98,Sci-Fi
Year 10,5.4,1900,96,Sci-Fi
Turn Me On,5.6,522000,99,Sci-Fi
Megamind vs. The Doom Syndicate,2.5,5500,83,Sci-Fi
V/H/S/Beyond,5.8,9400,114,Sci-Fi
Teri Baaton Mein Aisa Uljha Jiya,6.2,54000,141,Sci-Fi
Babezilla vs the Cyber Skanks: Rise of MechaBabezilla,5.1,91000,55,Sci-Fi
Things Will Be Different,5.2,2500,102,Sci-Fi
The Thundermans Return,5.0,1800,70,Sci-Fi
Justice League: Crisis on Infinite Earths - Part One,6.2,8500,93,Sci-Fi
Omni Loop,5.6,2800,112,Sci-Fi
The Greatest Hits,6.2,7400,94,Sci-Fi
Moon Maidens 2,3.6,37000,69,Sci-Fi
The Empire,5.2,1200,110,Sci-Fi
My Hero Academia: You're Next,7.0,2000,110,Sci-Fi
Futra Days,4.1,143000,99,Sci-Fi
Justice League: Crisis on Infinite Earths - Part Three,6.1,4500,94,Sci-Fi
Levels,5.0,1500,93,Sci-Fi
Baby Invasion,4.6,429000,80,Sci-Fi
Alien: Rubicon,2.4,338000,86,Sci-Fi
Street Trash,4.5,830000,85,Sci-Fi
Badland Hunters,5.9,12000,107,Sci-Fi
Parallel,5.3,1900,88,Sci-Fi
Ultraman: Rising,6.9,6300,117,Sci-Fi
Code 8: Part II,5.7,16000,100,Sci-Fi
Uranus 2324,6.4,4800,130,Sci-Fi
Ick,5.6,203000,87,Sci-Fi
Last Night on Earth,4.7,358000,86,Sci-Fi
Wonderland,6.2,2200,113,Sci-Fi
Doraemon the Movie: Nobita's Earth Symphony,6.6,1500,115,Sci-Fi
The Silent Planet,4.9,222000,95,Sci-Fi
We're All Gonna Die,8.2,91000,110,Sci-Fi
Sentinel,2.6,760000,90,Sci-Fi
Agent Recon,2.4,672000,85,Sci-Fi
Unspeakable: Beyond the Wall of Sleep,6.2,51000,90,Sci-Fi
Timestalker,5.5,2900,89,Sci-Fi
U Are the Universe,7.7,264000,90,Sci-Fi
Justice League: Crisis on Infinite Earths - Part Two,5.5,5300,94,Sci-Fi
Arena Wars,4.8,2100,96,Sci-Fi
Latency,4.2,2500,94,Sci-Fi
The Thinking Game,7.5,160000,84,Sci-Fi
Mars,8.9,21000,84,Sci-Fi
City Hunter,6.3,5600,102,Sci-Fi
Boreal,4.4,46000,82,Sci-Fi
All the Lost Ones,3.7,241000,106,Sci-Fi
Alien Country,4.4,363000,96,Sci-Fi
Revival,6.2,13000,,Sci-Fi
Trapped Inn,2.7,908000,115,Sci-Fi
Through the Door,3.7,72000,70,Sci-Fi
Maid Droid Origins,3.0,321000,96,Sci-Fi
Fight Another Day,4.9,349000,97,Sci-Fi
Another End,6.4,723000,129,Sci-Fi
Lesbian Space Princess,7.3,128000,87,Sci-Fi
Justicia artificial,5.6,458000,98,Sci-Fi
South of Hope Street,6.3,1400,101,Sci-Fi
Planetquake,3.0,305000,85,Sci-Fi
Lumina,2.1,667000,113,Sci-Fi
Terminator: Skynet Rising,6.7,265000,88,Sci-Fi
40 Acres,6.8,129000,113,Sci-Fi
Bionic,4.3,1700,110,Sci-Fi
X Files,2.1,62000,74,Sci-Fi
Bade Miyan Chote Miyan,3.8,39000,163,Sci-Fi
Drive Back,4.8,304000,94,Sci-Fi
Black Eyed Susan,4.9,338000,85,Sci-Fi
Meanwhile on Earth,6.0,906000,89,Sci-Fi
Previously Saved Version,5.5,419000,117,Sci-Fi
The Bunker,7.1,45000,92,Sci-Fi
The Last Ronin,4.8,571000,115,Sci-Fi
Space Sharks,1.5,320000,70,Sci-Fi
Daniela Forever,6.2,213000,113,Sci-Fi
Planet B,5.4,147000,118,Sci-Fi
Peripheral,9.4,23000,88,Sci-Fi
Can I Get a Witness,6.8,82000,110,Sci-Fi
Psychonaut,7.6,14000,87,Sci-Fi
"Canadian, Sniper",3.4,354000,83,Sci-Fi
Daha Iyi Bir Yarin,6.7,63000,108,Sci-Fi
Big City Greens the Movie: Spacecation,6.2,539000,83,Sci-Fi
Balestra,5.1,523000,145,Sci-Fi
Alienoid: The Return to the Future,6.5,2600,122,Sci-Fi
The Invisibles,5.8,463000,111,Sci-Fi
Test Screening,6.9,67000,92,Sci-Fi
Taisu Xilie,,,100,Sci-Fi
War of the Worlds: Extinction,3.1,204000,84,Sci-Fi
Unexposed,7.6,69000,63,Sci-Fi
Desert Road,6.7,154000,90,Sci-Fi
Ayalaan,6.0,4000,155,Sci-Fi
Staycation,7.1,106000,94,Sci-Fi
Else,6.1,232000,102,Sci-Fi
Going Viral,6.8,52000,90,Sci-Fi
Light,2.7,1300,93,Sci-Fi
Black,7.1,2700,115,Sci-Fi
Replicator,3.8,131000,75,Sci-Fi
In Vitro,6.3,127000,89,Sci-Fi
Tales Beyond the Galaxy,4.7,177000,76,Sci-Fi
Reversi,7.6,104000,135,Sci-Fi
Vampire Zombies... From Space!,7.7,69000,98,Sci-Fi
UI,6.8,5700,135,Sci-Fi
You Are Not Alone,6.2,69000,105,Sci-Fi
Space Command Redemption,4.5,154000,122,Sci-Fi
Bloody Escape: Bats out of Hell,5.7,40000,100,Sci-Fi
Escape from the 21st Century,6.5,872000,98,Sci-Fi
Alien Weekend,5.2,153000,95,Sci-Fi
Tim Travers & the Time Travelers Paradox,6.9,276000,95,Sci-Fi
Somnium,8.5,45000,92,Sci-Fi
Good Neighbours,3.1,175000,84,Sci-Fi
Sci-Fi Vixens from Beyond,4.0,45000,74,Sci-Fi
No Time to Spy: A Loud House Movie,6.4,447000,81,Sci-Fi
Mars Has Eyes,,,70,Sci-Fi
Guest from the Future,6.0,1200,141,Sci-Fi
Earthquake Underground,3.3,193000,83,Sci-Fi
Bureau 749,4.1,523000,123,Sci-Fi
Ape X Mecha Ape: New World Order,2.8,135000,87,Sci-Fi
Ghost Planet,4.8,263000,85,Sci-Fi
Saturn,7.5,30000,100,Sci-Fi
J Loop,5.0,191000,99,Sci-Fi
Anunnakiler,2.5,449000,76,Sci-Fi
Kadaisi Ulaga Por,6.2,1200,140,Sci-Fi
Rani Rani Rani,6.8,24000,97,Sci-Fi
Gaganachari,6.9,1100,115,Sci-Fi
Cora,4.6,818000,100,Sci-Fi
To the Journey: Looking Back at Star Trek: Voyager,9.6,10000,109,Sci-Fi
Schirkoa: In Lies We Trust,5.6,158000,103,Sci-Fi
Blink,7.0,1500,136,Sci-Fi
S.T.A.L.K.E.R.: Shadow of the Zone,5.1,462000,72,Sci-Fi
"Aire, Just Breathe",4.8,193000,98,Sci-Fi
Jon Vardar protiv Galaksijata,8.2,73000,86,Sci-Fi
Adresi Olmayan Ev,6.8,40000,96,Sci-Fi
Mummy Shark,2.0,178000,66,Sci-Fi
Buying Time,6.0,384000,84,Sci-Fi
How to Solve Your Own Murder,6.3,64000,99,Sci-Fi
Red vs. Blue: Restoration,5.6,136000,85,Sci-Fi
www.RachelOrmont.com,3.8,35000,80,Sci-Fi
Quadrant,4.3,140000,73,Sci-Fi
Lunacy,5.0,62000,77,Sci-Fi
THEDÆMON,6.7,42000,87,Sci-Fi
Tacoma,3.4,173000,103,Sci-Fi
The Epidemic,5.7,72000,95,Sci-Fi
Honshin,6.1,28000,122,Sci-Fi
Mobile Suit Gundam SEED Freedom,6.6,946000,124,Sci-Fi
Gaami,6.4,2000,147,Sci-Fi
The Dugout,5.4,754000,114,Sci-Fi
Don't F**k with Ghosts,6.9,207000,,Sci-Fi
Isla Monstro,8.6,7000,,Sci-Fi
The Strange Dark,8.9,39000,84,Sci-Fi
Tokusou Sentai Dekaranger 20th: Fireball Booster,7.0,31000,50,Sci-Fi
Electric Child,6.4,67000,118,Sci-Fi
Future Date,5.6,124000,82,Sci-Fi
The Harvester,5.4,5000,,Sci-Fi
Fuuto PI: Portrait of Kamen Rider Skull,7.5,40000,82,Sci-Fi
The 3_2 Pulldown,7.9,13000,,Sci-Fi
SCP: The Infinite Mission,6.0,32000,,Sci-Fi
Bury Your Dead,5.5,80000,128,Sci-Fi
Remnant,2.6,316000,112,Sci-Fi
Neon Fear,5.9,527000,40,Sci-Fi
Oculus,6.0,15000,113,Sci-Fi
Andromeda: 1883,4.1,16000,,Sci-Fi
Taklee Genesis x Worlds Collide,5.4,406000,146,Sci-Fi
Jurassic Triangle,2.5,281000,84,Sci-Fi
Tees,7.4,9000,142,Sci-Fi
Clone Cops,8.0,191000,96,Sci-Fi
ON i Ona,4.4,55000,90,Sci-Fi
Buddy,3.8,343000,137,Sci-Fi
The A-Frame,7.2,38000,82,Sci-Fi
Telekinesis,5.9,60000,106,Sci-Fi
Aftermath,5.2,4400,78,Sci-Fi
Dragon Ball Z Kai,8.5,71000,82,Sci-Fi
Invasión,3.8,52000,91,Sci-Fi
Dead Dead Demon's Dededede Destruction,7.0,143000,120,Sci-Fi
Touchdown,6.8,14000,78,Sci-Fi
Miracle Mirrors,6.5,108000,103,Sci-Fi
Transformers Prime: Galavatron's Revenge,3.4,8000,104,Sci-Fi
The Phantom Warrior,2.4,555000,119,Sci-Fi
Mutant,4.5,59000,90,Sci-Fi
Alien Hunt,3.0,136000,80,Sci-Fi
The Predators,,,,Sci-Fi
Aiden,2.6,122000,74,Sci-Fi
Biónica,7.2,7000,82,Sci-Fi
Isleen Pines,5.2,542000,84,Sci-Fi
Re:Human,5.8,40000,108,Sci-Fi
The Lonely Musketeer,7.4,11000,,Sci-Fi
Horse with No Name,7.8,14000,72,Sci-Fi
Offworld: Alien Planet,3.6,111000,92,Sci-Fi
UmroAyyar - A New Beginning,6.9,673000,135,Sci-Fi
C'est le monde à l'envers !,5.3,94000,114,Sci-Fi
Sign Here,6.2,244000,100,Sci-Fi
Boomerang,7.3,401000,134,Sci-Fi
Infinite Summer,5.4,89000,86,Sci-Fi
Addy Daddy,7.4,29000,118,Sci-Fi
Weapon,5.5,5500,120,Sci-Fi
Project Dorothy,3.9,3200,80,Sci-Fi
Skinjacker,6.2,16000,,Sci-Fi
Mame snova 17,5.5,178000,108,Sci-Fi
Agapouse ta louloudia perissotero,5.3,181000,86,Sci-Fi
I Am Spaceman,8.3,51000,,Sci-Fi
Double Ismart,2.9,2100,156,Sci-Fi
The Worlds Divide,8.1,39000,120,Sci-Fi
Killer Witches from Outer Space,7.1,78000,,Sci-Fi
"Die, Daisy, Die!",,,90,Sci-Fi
Captain Avispa,5.8,174000,96,Sci-Fi
Of Mummies and Martians,,,,Sci-Fi
The Deadly Swarm,2.5,188000,81,Sci-Fi
Indrani: Epic-1 Dharam vs Karam,7.6,1100,157,Sci-Fi
The Captives,3.5,66000,73,Sci-Fi
Gravediggers,6.4,29000,91,Sci-Fi
Rahasyam Idham Jagath,7.5,49000,153,Sci-Fi
Kuramerukagari,5.8,80000,61,Sci-Fi
Agrinai,8.0,66000,93,Sci-Fi
From Within,,,,Sci-Fi
Dark Fusion,8.5,235000,90,Sci-Fi
Star Abyss,3.8,242000,86,Sci-Fi
O Melhor dos Mundos,6.3,42000,70,Sci-Fi
Night of the Skinwalkers,2.5,710000,94,Sci-Fi
Room 0,3.1,213000,102,Sci-Fi
Spark,5.3,51000,110,Sci-Fi
The Alien Report,4.6,151000,81,Sci-Fi
The Washer,7.5,9000,90,Sci-Fi
Untied,8.0,29000,104,Sci-Fi
Guy Manley: Super Spy,4.4,117000,92,Sci-Fi
Permafrost,5.7,114000,80,Sci-Fi
Operation War Thunder,5.3,116000,74,Sci-Fi
Code Geass: Rozé of the Recapture - Part 1,7.7,41000,74,Sci-Fi
Andromeda 3,3.4,92000,,Sci-Fi
The Secret of Pin-Up Island,7.4,92000,107,Sci-Fi
Panic,2.2,22000,,Sci-Fi
Yesterday After Tomorrow,5.2,313000,120,Sci-Fi
The Suit,4.3,6000,90,Sci-Fi
Touch,8.0,11000,63,Sci-Fi
Ascension,3.9,27000,97,Sci-Fi
Quadrant: Noir Version,7.1,10000,73,Sci-Fi
Inazuma Eleven Movie: The Legendary Kickoff,,,,Sci-Fi
Dark My Light,,,,Sci-Fi
Darshini,8.5,2100,120,Sci-Fi
Valensole 1965,,,,Sci-Fi
Day of the Clones,3.8,61000,98,Sci-Fi
Transient,6.3,333000,96,Sci-Fi
Arctic Hollow,2.3,179000,70,Sci-Fi
Hidden Memories,5.9,31000,84,Sci-Fi
Kantil,,,120,Sci-Fi
Replika,5.3,43000,125,Sci-Fi
The Trail,6.9,21000,80,Sci-Fi
Vstretimsya vchera,6.4,343000,79,Sci-Fi
Wonderful Precure! The Movie! Doki Doki Game no Sekai de Daiboken,6.8,32000,71,Sci-Fi
Traces of Love,6.5,908000,105,Sci-Fi
Brush of the God,6.5,13000,74,Sci-Fi
Our Man in L.A.,3.8,123000,71,Sci-Fi
Venus Effect,6.0,19000,,Sci-Fi
Sith Wars: Episódio III - Fantasmas Dos Sith,8.6,114000,99,Sci-Fi
Video Vision,5.9,20000,78,Sci-Fi
Devi Danger,,,99,Sci-Fi
Flashlight,4.2,11000,77,Sci-Fi
Astral Plane Drifter,8.4,16000,,Sci-Fi
Seeking the King,,,,Sci-Fi
Alien Love,5.3,54000,75,Sci-Fi
Abaddon's Pit,5.7,41000,93,Sci-Fi
Lunar Lockdown,5.2,78000,99,Sci-Fi
Asker Zon,,,109,Sci-Fi
Megalodon Returns,3.8,9000,,Sci-Fi
Piraty galaktiki Barrakuda,4.5,82000,92,Sci-Fi
Pandasaurus,3.4,55000,78,Sci-Fi
The Future Soul,,,130,Sci-Fi
Peas and Carrots,,,96,Sci-Fi
A Coffin of Stars,,,100,Sci-Fi
Nanoshark,5.7,19000,,Sci-Fi
Kaiju Glam Metal Shark Attack,6.4,26000,,Sci-Fi
Friends of Sophia,5.5,15000,25,Sci-Fi
Alien AI: Abducted,3.3,73000,,Sci-Fi
Tobias and the Arcane Merchant,9.0,43000,167,Sci-Fi
ReUniverse,,,100,Sci-Fi
Creep Encounters,5.9,65000,90,Sci-Fi
Heavens: The Boy and His Robot,6.3,22000,98,Sci-Fi
43 Degrees North,,,,Sci-Fi
Dinonauts,,,77,Sci-Fi
False Front,,,120,Sci-Fi
Dead Dead Demon's Dededede Destruction Zenpen,7.1,138000,120,Sci-Fi
The Human Hibernation,6.4,63000,90,Sci-Fi
Adam i Eva,5.1,94000,95,Sci-Fi
Adabana,6.4,7000,118,Sci-Fi
The Broadcast,,,23,Sci-Fi
I Watched Her Grow,,,67,Sci-Fi
Jurassic Exorcist,3.8,23000,76,Sci-Fi
Guacamole Yesterdays,8.6,14000,,Sci-Fi
The Eye of the Salamander,7.9,20000,81,Sci-Fi
Recall 126,,,53,Sci-Fi
Spotlight International Film Festival: Best of the Festival - Volume 1,8.6,6000,,Sci-Fi
Tape 52,,,70,Sci-Fi
Raduaa Returns,5.5,70000,137,Sci-Fi
23 Horas,6.9,20000,,Sci-Fi
Gasmask Girl,,,56,Sci-Fi
Kade,6.7,16000,92,Sci-Fi
Astra,6.8,8000,80,Sci-Fi
Dead Talk Tales: Volume I,6.6,26000,98,Sci-Fi
Alien Attack at Groom Lake,,,71,Sci-Fi
Itch!,,,82,Sci-Fi
Moon Ghost Returns,6.9,21000,,Sci-Fi
Mobile Suit Gundam: Silver Phantom,6.1,13000,90,Sci-Fi
Quantum Suicide,6.3,18000,87,Sci-Fi
Something in the Dark,7.2,22000,87,Sci-Fi
Code Geass: Rozé of the Recapture: Part 2,8.0,27000,76,Sci-Fi
Hinter dem Eisernen Horizont,7.8,14000,88,Sci-Fi
Perspectiva,6.1,97000,90,Sci-Fi
"The Girl, the Hunter & the Firefly",7.3,19000,98,Sci-Fi
Back to 2005,8.3,45000,88,Sci-Fi
It All Comes with the Cold Water,8.2,149000,88,Sci-Fi
Estación Wadley,,,96,Sci-Fi
Iron Nest of the Moon,7.6,13000,70,Sci-Fi
Doctor Cerebro,7.8,12000,,Sci-Fi
Milestone,7.8,16000,88,Sci-Fi
Abduction: The Harvesting,5.4,12000,,Sci-Fi
Uncanny Alley: A New Day,,,60,Sci-Fi
Ogiva: O Mundo Não é Mais Nosso,5.8,33000,80,Sci-Fi
Reset,,,95,Sci-Fi
The Immortal Wars: Dekay's Paradox,,,,Sci-Fi
Shi Ren Yu,2.5,8000,71,Sci-Fi
Demons vs. Ghosts,8.2,5000,92,Sci-Fi
I 20,9.0,494000,114,Sci-Fi
Life with Quincy 3,,,73,Sci-Fi
Slasher House 3,4.2,66000,,Sci-Fi
Franta mimozemstan,4.8,72000,98,Sci-Fi
Superman: Jubilation,,,176,Sci-Fi
Mama,8.5,7000,100,Sci-Fi
Silent Island: Strange Beasts,,,,Sci-Fi
Iravin Kangal,8.1,171000,116,Sci-Fi
Be Forever Yamato: Rebel 3199: Part 1: Dark Invasion,7.0,9000,50,Sci-Fi
Decibel,4.7,7000,,Sci-Fi
Killer Kabbage,,,94,Sci-Fi
AN,6.4,11000,,Sci-Fi
Madness Unplugged,,,17,Sci-Fi
The Other Side of Infinity,,,96,Sci-Fi
H010N,,,,Sci-Fi
Aberracja,,,67,Sci-Fi
Aliens Uncovered: The Land of Legends,8.9,9000,,Sci-Fi
The Apples Gang: The Movie by Wright,,,,Sci-Fi
Code Geass: Rozé of the Recapture: Part 3,7.6,24000,76,Sci-Fi
Through the Graves the Wind Is Blowing,7.1,70000,80,Sci-Fi
Prishelets,5.6,154000,73,Sci-Fi
Trap,3.3,15000,118,Sci-Fi
Behind the Bucket: A Garrison Story,8.1,15000,,Sci-Fi
Vampire's House of Cain,4.0,17000,,Sci-Fi
Apocalypse Love,,,,Sci-Fi
Interview with an Android,,,80,Sci-Fi
Bright Forests,,,15,Sci-Fi
Max Beyond,6.6,17000,93,Sci-Fi
What Lies Within,5.3,13000,90,Sci-Fi
Inazuma Eleven the Movie: Prologue to the New Heroes,,,,Sci-Fi
Code Geass: Rozé of the Recapture: Part 4,7.0,14000,70,Sci-Fi
The Truth on Sendai City,,,73,Sci-Fi
Cose nere,,,83,Sci-Fi
La Familia del Barrio: La Película,4.0,6000,,Sci-Fi
The Film Café,,,,Sci-Fi
War of the Ninja Monsters: Jaron vs Goura,,,55,Sci-Fi
Deified the Legacy of Yesterday,9.4,24000,,Sci-Fi
The Uncertainty Principle,7.9,10000,89,Sci-Fi
The Zodian Gemini,,,,Sci-Fi
Planetagatik,,,579,Sci-Fi
The Jump,,,45,Sci-Fi
Insomniac,,,60,Sci-Fi
Faithless,,,,Sci-Fi
The Bostrom Scenario,,,113,Sci-Fi
Habitat,,,,Sci-Fi
Zegapain STA,,,90,Sci-Fi
Sathur,7.9,9000,,Sci-Fi
Tomorrow Is Another Dream,6.5,16000,80,Sci-Fi
Four Singles,,,63,Sci-Fi
Submerged,,,100,Sci-Fi
Zenith,6.0,29000,74,Sci-Fi
The Spaceman,,,85,Sci-Fi
Je Suis Auto,,,,Sci-Fi
Psychopomp,,,96,Sci-Fi
Aliens Uncovered: UFOs Over Arizona,8.4,16000,116,Sci-Fi
Spelonk,,,,Sci-Fi
404.01,,,105,Sci-Fi
Mertsanie,5.6,18000,92,Sci-Fi
Best Cop Ever,4.3,49000,122,Sci-Fi
TapewormZ,5.0,23000,,Sci-Fi
Dank Frank,,,82,Sci-Fi
Between Time and Space: E.S.T.,,,120,Sci-Fi
A Cápsula,7.0,6000,92,Sci-Fi
Zombie Apocalypse News,,,88,Sci-Fi
They're Here,,,74,Sci-Fi
Maddhim,9.3,23000,,Sci-Fi
Tsena doveriya,5.6,28000,83,Sci-Fi
Los visitados,7.6,5000,,Sci-Fi
Soul Traveler (The Feature),4.2,22000,96,Sci-Fi
The Box,6.8,7000,,Sci-Fi
Fragmentos de Olvido,,,94,Sci-Fi
2015: Future Uncertain,6.9,17000,72,Sci-Fi
Stock Shark,7.0,54000,47,Sci-Fi
Descendent,,,,Sci-Fi
The Clearing,4.0,35000,,Sci-Fi
ETA,,,17,Sci-Fi
Spillover,,,130,Sci-Fi
Waning Poetic,8.4,11000,93,Sci-Fi
Be Forever Yamato: Rebel 3199: Part 2: The Assault of the Burning Sun,,,97,Sci-Fi
Aliens Uncovered: The Thunder God,8.5,8000,,Sci-Fi
Don't Say Earth,3.6,15000,,Sci-Fi
After the Thunderstorm,,,85,Sci-Fi
She's God: The Book of Eden,,,,Sci-Fi
Personal Reset,8.8,11000,,Sci-Fi
True Dark,,,,Sci-Fi
Twenty,,,65,Sci-Fi
Big/Bad/Wolf,4.0,7000,,Sci-Fi
ARI,,,,Sci-Fi
Fragment,,,,Sci-Fi
He Has Gone Rogue - The Return of Cyrus,8.8,32000,60,Sci-Fi
Tin: Parabiosis,,,90,Sci-Fi
2053 - A Best Case Scenario,,,58,Sci-Fi
Owari ni Mita Machi,,,,Sci-Fi
Abductee,,,,Sci-Fi
Implanted,,,82,Sci-Fi
Fake Out Fray,,,66,Sci-Fi
Zero Sum Game,,,,Sci-Fi
I'm Unbreakable,,,43,Sci-Fi
Bob's Hops,,,90,Sci-Fi
Gumshoe Jon and the Mystery of the Saucer Men - The Even Better Version,,,,Sci-Fi
Man vs Phone,,,86,Sci-Fi
Carjorski Clan: Tale of the Fallen Knight,,,,Sci-Fi
High Strangeness,,,,Sci-Fi
CameraChild,,,57,Sci-Fi
Cordélicos,,,68,Sci-Fi
Someone Dies!,6.7,13000,86,Sci-Fi
Neon Girls,7.6,31000,,Sci-Fi
In Your Own Time,,,60,Sci-Fi
Kohinoor,8.1,22000,119,Sci-Fi
Secret Within the Sphere,7.8,19000,73,Sci-Fi
Venus DIE-Trap,,,,Sci-Fi
Reptilians: Serpent Kings and Ancient Rulers,,,194,Sci-Fi
The Last Man on the World,,,70,Sci-Fi
Metro9,,,,Sci-Fi
Science Friction,,,90,Sci-Fi
Nothing is 100%,,,,Sci-Fi
A Divorce Story,,,78,Sci-Fi
After Link,7.5,20000,14,Sci-Fi
Alien Love: Deleted Scenes,7.8,11000,7,Sci-Fi
Bharatiya Superheroes the Origin,8.9,62000,,Sci-Fi
Kek 2,,,98,Sci-Fi
Isle: Alpha One,8.4,7000,97,Sci-Fi
Gostya iz kosmosa,8.5,6000,70,Sci-Fi
The Choice,,,40,Sci-Fi
Captain Corpse,7.6,10000,105,Sci-Fi
Payback: Movie 2024,,,,Sci-Fi
The Winter Prophecy,7.9,13000,52,Sci-Fi
The Burned Hand,8.0,12000,85,Sci-Fi
The Fade: Rebellion,,,,Sci-Fi
The 9th Raider,,,105,Sci-Fi
Zen Fist,7.2,8000,45,Sci-Fi
Haze,,,,Sci-Fi
Sathur: Part1,,,,Sci-Fi
The Wrong Opp,,,,Sci-Fi
Réfractions,,,63,Sci-Fi
Kyle and the Last Emerald 2,8.4,7000,15,Sci-Fi
Initiation,,,,Sci-Fi
LOST: Avalon Station,,,,Sci-Fi
The Edge of Time,,,,Sci-Fi
Gut Instinct,6.4,9000,84,Sci-Fi
Morana,6.2,26000,119,Sci-Fi
Endless Days,,,,Sci-Fi
The Codfather,,,90,Sci-Fi
The Colony - Vol. 1,,,90,Sci-Fi
StarGazer: The Need of the Many,5.0,9000,47,Sci-Fi
The New Ark,,,,Sci-Fi
A-Side: Suburban,,,45,Sci-Fi
A.R.C.A,,,52,Sci-Fi
Nothingness,,,66,Sci-Fi
The New Flesh,,,62,Sci-Fi
Squelch,,,92,Sci-Fi
Sooraya Weeraya,,,,Sci-Fi
Astrosphere,,,,Sci-Fi
Los incrédulos,,,,Sci-Fi
A Time Traveler 2492: Episode III,,,,Sci-Fi
Sounds Like A Great Project!,,,75,Sci-Fi
5 More Minutes,,,,Sci-Fi
Project Alexander,,,125,Sci-Fi
The Blinkless,7.8,12000,59,Sci-Fi
Blue Caveman,,,,Sci-Fi
7 Vidas,,,80,Sci-Fi
The bog goggles of a junkie's fit,,,60,Sci-Fi
Bragow,,,120,Sci-Fi
In Unison,,,100,Sci-Fi
1710 Bunker Hill Avenue,,,,Sci-Fi
Parhelion,,,90,Sci-Fi
Singapur,,,,Sci-Fi
Precient,,,81,Sci-Fi
Synthium,,,87,Sci-Fi
Plastic,,,62,Sci-Fi
Man of Tomorrow,,,,Sci-Fi
Daughters of Monster Magnet,,,46,Sci-Fi
El origen de las especies,,,71,Sci-Fi
Loreley Part II: Monster,,,56,Sci-Fi
"Minsky, the little helper robot",,,6,Sci-Fi
S.N.S.O.B - Supernatural Squad of Badasses Part 1,,,,Sci-Fi
El Salto,,,,Sci-Fi
They Sting,,,54,Sci-Fi
Trident : The Beginning,,,65,Sci-Fi
Systems Research,,,75,Sci-Fi
Nonm,,,,Sci-Fi
JEIT,,,70,Sci-Fi
Blade Runner Story,,,,Sci-Fi
Cloud Chamber,,,114,Sci-Fi
Nuclear Priest,,,77,Sci-Fi
Your Final Meditation,,,,Sci-Fi
Remat,,,,Sci-Fi
The Magic Denarious,,,,Sci-Fi
A Time Traveler 2492: Apocalypse,,,,Sci-Fi
Down the Rabbit Hole: Reflections of the Matrix,,,,Sci-Fi
Energy in the Rain,,,,Sci-Fi
RiffTrax: Xtro 3: Watch the Skies,,,84,Sci-Fi
Worship,,,75,Sci-Fi
PW V: Tears of the Fallen,8.2,11000,60,Sci-Fi
Operation Terra Sol -3,,,,Sci-Fi
Telos I,,,22,Sci-Fi
Angry Birds Star Wars Rebels,,,120,Sci-Fi
The Hay Man,,,74,Sci-Fi
Space Coast Confidential,,,,Sci-Fi
Lapse,,,,Sci-Fi
When the Sun Stands Still,,,95,Sci-Fi
Aquele que Viu o Abismo,,,70,Sci-Fi
Wo Kan Jian Liang Duo Yi Yang de Yun,,,,Sci-Fi
Dublê de Namorado,,,95,Sci-Fi
The Sanctum,,,50,Sci-Fi
The Divinity of a City,,,64,Sci-Fi
Terrors,,,65,Sci-Fi
Book of Veil,,,,Sci-Fi
Miss Roboto,,,,Sci-Fi
Cat Pupa,,,88,Sci-Fi
The multiverse arc,,,82,Sci-Fi
Planet Magnon,,,92,Sci-Fi
Mars Shark: Dark Matter,,,,Sci-Fi
Time to Go,,,,Sci-Fi
The Clashing Elements: Saviors of the Multiverse,7.0,8000,91,Sci-Fi
Starship,,,74,Sci-Fi
Super Beef,,,,Sci-Fi
Karl Marx Falls in Love with the Leonidas Zegarra House Museum,,,120,Sci-Fi
Voodoonaut,,,142,Sci-Fi
Repeindre le ciel,,,31,Sci-Fi
O Seeker,,,19,Sci-Fi
Dissidents,,,,Sci-Fi
A Party for Karl Marx,,,74,Sci-Fi
Negative Worlds,,,84,Sci-Fi
Alice in Cyberworld,,,75,Sci-Fi
Acceleration Horology,,,,Sci-Fi
Behind the Light,,,105,Sci-Fi
Alien Origin,,,,Sci-Fi
Karl Marx Looks for Fans,,,81,Sci-Fi
the time arc,,,78,Sci-Fi
A Blissful Filmmaker Known as Karl Marx,,,106,Sci-Fi
Grietas,,,10,Sci-Fi
Amphibia: Endgame,,,84,Sci-Fi
Doctor Who: The Great Delay Again,,,53,Sci-Fi
El Sueño de Ariana,,,87,Sci-Fi
Lycos 1,,,60,Sci-Fi
Phaseland,,,,Sci-Fi
Horizon: An American Saga - Chapter 1,6.7,40000,181,Western
Rust,,,133,Western
Horizon: An American Saga - Chapter 2,7.2,1300,190,Western
The Thicket,5.8,3100,108,Western
The Unholy Trinity,7.8,50000,93,Western
Pedro Páramo,6.3,2900,130,Western
Calamity Jane,4.4,795000,95,Western
Buffalo Kids,6.6,676000,93,Western
Seven Cemeteries,4.6,564000,84,Western
Golden Kamuy,6.3,2600,127,Western
Same Old West,7.9,134000,98,Western
The Ballad of Davy Crockett,4.6,247000,96,Western
Black Creek,7.3,8000,116,Western
Outlaw Posse,4.3,523000,108,Western
Eye for an Eye 2,6.6,504000,90,Western
The Guardsmen,3.6,138000,73,Western
Over the Red River,3.5,81000,83,Western
The Night They Came Home,3.5,436000,105,Western
Ghosts of Red Ridge,3.3,156000,81,Western
Was Once a Hero,9.3,38000,,Western
Taken from Rio Bravo,3.0,314000,80,Western
Paradise,6.9,78000,83,Western
Joe Crist,5.2,87000,53,Western
Unnatural,4.9,99000,104,Western
They Call Her Death,6.7,27000,92,Western
Fyre Rises,6.5,322000,110,Western
Andromeda: 1883,4.1,16000,,Western
Doc Holliday 3,,,,Western
Doc Holliday 2,6.0,11000,,Western
The Ecstasy of Gold: The Treasure of Jesse James,6.0,14000,90,Western
Bolero,3.2,28000,,Western
Adiós al amigo,7.4,8000,118,Western
Lady Outlaw,7.0,17000,104,Western
My Redneck Neighbor: Chapter 1 - The Rednecks Are Coming,5.0,7000,74,Western
Coyote Woman,2.2,74000,110,Western
Malaikottai Vaaliban,6.0,4100,156,Western
Escanyapobres,7.4,38000,102,Western
Oro Amargo,7.7,26000,83,Western
The forgotten Winchester,,,,Western
Searching for the Elephant,5.9,35000,116,Western
Harsh Treatment,8.1,11000,,Western
El Vaquero,8.2,11000,93,Western
Astral Plane Drifter,8.4,16000,,Western
Death After Dusk,5.6,89000,140,Western
Oltre il confine,6.4,7000,76,Western
Zoloto Umalty,4.9,109000,109,Western
The Dakota War: Revenge,,,92,Western
The Guardsmen: Part 2,3.6,86000,,Western
Once Upon a Time in Amityville,3.6,50000,73,Western
Hinter dem Eisernen Horizont,7.8,14000,88,Western
